ED_ID_STR,ED_ENGLISH,TOTPOP22,AGEDEP22,LONEPA22,EDLOW_22,EDHIGH22,HLPROF22,LCLASS22,UNEMPM22,UNEMPF22,OWNOCC22,PRRENT22,LARENT22,PEROOM22,Index22_ED_std_rel_wt,Index22_ED_std_abs_wt,Index22_ED_rel_wt_cat,Index22_rel_wt_lab
268122,PRIORSWOOD B,"2,794.00",33.89,56.7,29.22,9.2,12.06,38.61,24.01,18.03,38.93,4.98,51.64,0.68,-28.18,-26.93,2,Very Disadvantaged
267141,TALLAGHT-KILLINARDAN,"3,878.00",32.85,50.0,26.02,10.31,11.99,39.09,22.67,18.03,31.43,7.01,56.24,0.6,-26.09,-25.08,2,Very Disadvantaged
268068,FINGLAS SOUTH C,"2,566.00",33.44,46.45,27.26,10.21,12.82,37.33,15.64,13.67,54.94,6.88,37.05,0.58,-25.05,-24.08,2,Very Disadvantaged
267052,CLONDALKIN-ROWLAGH,"4,106.00",35.83,47.45,28.51,12.42,14.08,34.03,16.05,16.28,48.76,9.08,40.3,0.59,-22.5,-21.77,2,Very Disadvantaged
268016,BALLYMUN B,"4,273.00",27.71,52.12,24.15,14.8,12.89,37.97,25.56,19.35,28.18,16.2,52.83,0.63,-21.58,-21.25,2,Very Disadvantaged
268018,BALLYMUN D,"2,551.00",28.26,55.68,23.87,16.56,8.58,40.92,21.51,15.2,14.74,17.57,62.36,0.62,-20.49,-20.5,2,Very Disadvantaged
268063,FINGLAS NORTH A,"3,205.00",30.14,42.34,24.66,15.83,15.1,33.67,19.62,12.45,61.99,6.11,29.8,0.58,-19.48,-19.2,3,Disadvantaged
268086,KILMORE C,"1,413.00",28.17,49.54,22.02,14.53,15.07,34.24,17.23,17.2,55.41,5.94,35.67,0.55,-19.15,-18.96,3,Disadvantaged
267136,TALLAGHT-AVONBEG,"1,543.00",35.26,40.44,25.44,15.32,17.82,29.45,15.56,8.68,66.49,3.23,26.34,0.55,-17.91,-17.58,3,Disadvantaged
268120,PRIORSWOOD D,"2,653.00",31.93,46.79,21.59,16.58,19.3,31.94,17.19,12.68,59.44,12.13,23.6,0.57,-17.65,-17.47,3,Disadvantaged
268089,KILMORE B,"2,546.00",32.48,46.26,23.91,17.0,20.86,30.36,18.5,12.6,62.42,5.59,29.75,0.54,-17.55,-17.27,3,Disadvantaged
268069,FINGLAS SOUTH D,"2,543.00",33.19,48.66,23.99,13.99,13.29,32.66,12.77,10.05,57.67,8.78,28.05,0.57,-17.44,-17.45,3,Disadvantaged
268119,PRIORSWOOD C,"4,883.00",31.39,49.29,18.56,20.39,16.14,33.75,16.33,12.99,28.06,19.47,44.27,0.71,-17.22,-17.36,3,Disadvantaged
268039,CARNA,"2,897.00",33.17,38.0,26.29,15.79,18.92,30.45,13.44,12.13,63.18,5.91,28.39,0.57,-16.67,-16.56,3,Disadvantaged
268038,CHERRY ORCHARD A,"3,465.00",22.97,50.0,17.51,19.41,10.56,33.85,23.29,15.84,27.15,22.51,41.2,1.08,-16.53,-17.19,3,Disadvantaged
267048,CLONDALKIN-CAPPAGHMORE,"2,445.00",28.83,43.64,19.48,19.18,17.83,32.81,17.75,15.0,30.15,3.96,63.57,0.63,-15.86,-16.06,3,Disadvantaged
268017,BALLYMUN C,"5,729.00",26.55,48.99,20.01,20.12,16.55,31.1,19.65,14.56,32.23,14.46,49.23,0.58,-15.85,-16.05,3,Disadvantaged
268064,FINGLAS NORTH B,"2,922.00",32.58,46.21,21.94,16.48,18.58,32.18,15.35,9.64,60.84,7.2,29.37,0.55,-15.75,-15.83,3,Disadvantaged
268040,CHERRY ORCHARD C,"4,815.00",30.01,47.87,20.81,21.46,17.76,35.63,17.97,14.57,29.89,21.15,42.44,0.68,-15.62,-15.95,3,Disadvantaged
268057,DECIES,"2,713.00",34.68,35.96,28.03,18.25,20.24,29.64,16.28,7.92,65.38,8.1,24.19,0.58,-15.23,-15.21,3,Disadvantaged
267051,CLONDALKIN-MOORFIELD,"7,024.00",33.04,41.71,20.49,18.98,18.86,28.52,15.12,12.28,51.28,14.64,29.0,0.62,-15.18,-15.33,3,Disadvantaged
268095,KYLEMORE,"2,557.00",32.5,43.61,26.59,17.55,18.07,31.24,12.13,11.63,68.78,6.02,23.11,0.61,-15.16,-15.29,3,Disadvantaged
268066,FINGLAS SOUTH A,"2,909.00",33.55,35.5,20.44,17.74,18.22,30.54,14.73,10.85,65.96,8.86,22.76,0.57,-14.71,-14.89,3,Disadvantaged
268033,CABRA WEST A,"1,441.00",36.78,36.52,25.63,21.44,22.21,29.56,14.56,11.42,78.67,6.29,12.95,0.56,-14.39,-14.39,3,Disadvantaged
268067,FINGLAS SOUTH B,"4,457.00",34.08,50.1,22.1,21.19,18.47,30.63,14.94,10.8,47.17,23.45,22.98,0.63,-14.17,-14.51,3,Disadvantaged
267030,BLANCHARDSTOWN-CORDUFF,"3,689.00",34.94,38.85,19.98,19.64,19.08,28.56,12.54,11.41,55.57,9.82,32.78,0.56,-14.16,-14.32,3,Disadvantaged
268073,GRANGE C,"3,086.00",40.25,25.77,23.23,20.71,26.57,20.61,12.02,9.2,85.51,5.79,7.66,0.5,-13.84,-13.51,3,Disadvantaged
268061,DRUMFINN,"3,632.00",35.19,34.44,25.23,18.7,18.97,29.75,10.53,10.77,66.82,7.73,23.28,0.56,-13.47,-13.72,3,Disadvantaged
267148,TALLAGHT-TYMON,"5,138.00",40.83,28.21,20.04,21.36,25.94,20.17,11.78,9.6,67.07,7.03,23.22,0.51,-13.24,-13.05,3,Disadvantaged
268121,PRIORSWOOD A,"1,574.00",33.29,36.17,17.21,18.67,21.6,25.16,10.88,9.3,78.78,11.22,8.37,0.57,-12.54,-12.83,3,Disadvantaged
267049,CLONDALKIN-DUNAWLEY,"11,298.00",32.36,34.66,16.39,20.36,21.16,28.41,13.08,12.04,50.94,16.37,27.49,0.61,-12.15,-12.64,3,Disadvantaged
268034,CABRA WEST B,"2,646.00",35.19,46.48,27.21,22.93,20.79,30.16,13.12,8.54,61.2,11.87,22.68,0.56,-11.91,-12.35,3,Disadvantaged
268079,INCHICORE B,"2,728.00",35.89,41.67,20.03,21.74,16.06,33.11,15.3,13.6,42.33,16.6,36.12,0.63,-11.88,-12.69,3,Disadvantaged
268087,KILMORE D,"2,149.00",38.34,23.03,21.54,23.59,26.9,19.69,12.05,9.26,82.81,7.09,8.01,0.46,-11.84,-11.8,3,Disadvantaged
268062,EDENMORE,"2,831.00",38.22,28.63,17.98,25.34,25.64,23.49,14.29,10.34,72.35,12.64,11.72,0.52,-11.79,-11.94,3,Disadvantaged
268123,PRIORSWOOD E,"2,771.00",33.49,26.67,18.94,18.84,24.47,23.74,10.01,7.82,83.04,5.62,10.02,0.53,-11.71,-11.94,3,Disadvantaged
267034,BLANCHARDSTOWN-TYRRELSTOWN,"3,343.00",27.01,47.16,12.82,24.2,16.66,34.33,18.18,21.27,7.95,10.34,51.99,0.74,-11.6,-12.6,3,Disadvantaged
267145,TALLAGHT-MILLBROOK,"3,338.00",42.27,25.08,21.63,23.3,27.26,20.33,8.7,8.1,86.59,8.37,3.25,0.47,-11.09,-11.05,3,Disadvantaged
267109,PALMERSTON WEST,"7,323.00",32.87,33.39,19.12,26.88,26.45,22.63,12.07,12.21,67.55,9.09,19.95,0.59,-10.14,-10.55,3,Disadvantaged
268083,KILMAINHAM A,"2,646.00",30.88,37.21,22.6,26.15,20.03,29.01,13.44,8.2,57.75,18.36,19.74,0.58,-10.04,-10.8,3,Disadvantaged
268090,KIMMAGE A,"1,903.00",33.74,38.12,20.5,27.13,23.86,26.68,13.15,9.98,69.5,8.78,20.29,0.57,-9.39,-10.04,4,Marginally Below Average
267157,TERENURE-St. JAMES,"2,404.00",44.68,17.71,23.74,27.66,31.74,18.03,7.57,5.12,93.84,4.5,0.29,0.39,-8.22,-8.22,4,Marginally Below Average
267140,TALLAGHT-JOBSTOWN,"18,125.00",30.68,35.52,10.97,30.03,26.73,24.78,14.6,13.89,42.67,22.21,30.48,0.66,-8.15,-9.07,4,Marginally Below Average
268055,CRUMLIN E,"2,916.00",32.61,44.83,20.88,26.42,23.56,29.23,11.97,8.88,62.74,11.96,22.43,0.56,-7.94,-8.91,4,Marginally Below Average
267137,TALLAGHT-BELGARD,"1,635.00",42.2,18.18,15.72,30.1,35.54,13.92,9.74,7.2,83.42,13.11,2.0,0.46,-7.83,-7.84,4,Marginally Below Average
268161,WOOD QUAY A,"2,871.00",31.31,44.83,17.54,33.28,21.8,28.83,18.6,12.28,7.98,29.69,30.04,0.71,-7.74,-8.93,4,Marginally Below Average
268075,GRANGE E,"2,578.00",38.67,30.67,16.33,29.95,33.32,19.7,11.23,7.36,77.44,11.65,9.44,0.49,-7.6,-7.95,4,Marginally Below Average
268091,KIMMAGE B,"3,533.00",31.11,36.39,21.24,28.5,27.85,26.22,12.62,8.03,71.69,11.51,15.51,0.56,-7.52,-8.36,4,Marginally Below Average
267138,TALLAGHT-FETTERCAIRN,"11,335.00",31.42,33.06,13.28,32.93,29.39,25.35,15.33,12.73,37.51,14.15,40.97,0.68,-7.46,-8.45,4,Marginally Below Average
268015,BALLYMUN A,"5,735.00",30.04,40.72,15.2,31.79,26.73,25.03,14.64,12.88,40.46,22.11,28.17,0.67,-7.27,-8.37,4,Marginally Below Average
267143,TALLAGHT-KILTIPPER,"9,432.00",32.15,30.07,10.79,28.96,28.31,22.5,12.58,10.52,57.82,13.34,22.74,0.63,-6.85,-7.82,4,Marginally Below Average
268051,CRUMLIN A,"3,657.00",31.31,41.08,18.02,28.96,27.97,26.83,10.75,11.16,68.55,12.61,16.62,0.54,-6.74,-7.7,4,Marginally Below Average
267142,TALLAGHT-KILNAMANAGH,"4,394.00",41.06,20.05,15.31,26.42,32.57,15.53,6.48,7.35,91.01,6.06,0.73,0.5,-6.72,-7.09,4,Marginally Below Average
268012,BALLYGALL A,"3,602.00",31.18,41.52,16.55,30.11,26.49,24.6,11.52,9.41,56.98,22.43,14.21,0.59,-6.67,-7.68,4,Marginally Below Average
268052,CRUMLIN B,"3,019.00",32.66,30.47,21.14,32.91,30.34,23.66,12.46,9.29,67.73,12.74,16.44,0.53,-6.45,-7.27,4,Marginally Below Average
267146,TALLAGHT-OLDBAWN,"4,445.00",40.36,23.17,15.49,29.08,32.53,18.37,8.61,6.71,81.87,13.05,2.87,0.49,-6.41,-6.9,4,Marginally Below Average
268035,CABRA WEST C,"2,883.00",31.56,38.53,22.31,31.75,27.68,24.74,11.55,7.7,71.26,14.57,12.61,0.58,-6.19,-7.15,4,Marginally Below Average
268008,AYRFIELD,"5,863.00",36.53,28.83,14.52,27.67,30.8,18.98,9.4,8.87,75.05,11.62,6.91,0.53,-6.17,-6.89,4,Marginally Below Average
268009,BALLYBOUGH A,"4,004.00",24.25,52.0,18.02,36.51,23.43,30.26,13.92,12.88,28.35,33.78,33.65,0.59,-5.55,-7.05,4,Marginally Below Average
267037,CABINTEELY-KILBOGGET,"2,683.00",40.18,16.81,18.26,38.07,44.13,17.01,12.38,7.5,82.56,2.78,13.22,0.47,-5.48,-5.7,4,Marginally Below Average
267029,BLANCHARDSTOWN-COOLMINE,"11,271.00",31.17,25.67,13.89,34.41,29.47,22.82,12.32,11.95,53.81,23.28,21.34,0.6,-5.42,-6.48,4,Marginally Below Average
268125,RAHENY-GREENDALE,"2,262.00",36.78,26.32,17.07,34.94,34.44,21.47,10.07,10.85,68.54,12.73,16.77,0.48,-5.4,-6.09,4,Marginally Below Average
267147,TALLAGHT-SPRINGFIELD,"11,297.00",34.63,25.96,13.46,34.4,28.64,22.4,11.13,11.85,43.59,42.81,6.41,0.69,-5.34,-6.47,4,Marginally Below Average
267071,DUN LAOGHAIRE-MOUNT TOWN,"1,915.00",33.47,40.35,14.75,38.57,33.79,24.21,15.98,12.31,45.26,7.59,43.5,0.55,-5.24,-6.27,4,Marginally Below Average
267006,BALLINASCORNEY,874,34.67,27.18,12.62,31.56,32.04,18.35,8.44,9.76,70.99,22.52,4.96,0.57,-5.24,-6.07,4,Marginally Below Average
267144,TALLAGHT-KINGSWOOD,"4,291.00",39.18,30.09,13.09,30.58,28.52,17.9,8.33,9.11,74.35,19.84,3.92,0.53,-5.2,-6.1,4,Marginally Below Average
268152,USHERS E,"1,859.00",28.83,41.06,14.33,41.6,29.75,23.55,13.48,9.41,34.53,23.33,34.93,0.5,-5.08,-6.25,4,Marginally Below Average
267121,SHANKILL-RATHSALLAGH,"3,254.00",37.03,26.17,13.97,38.66,40.81,19.21,10.99,8.7,64.86,6.64,27.01,0.49,-5.04,-5.57,4,Marginally Below Average
268098,MERCHANTS QUAY A,"2,749.00",20.81,63.57,13.44,45.83,18.04,30.37,14.97,11.87,10.72,44.36,38.49,0.73,-4.86,-6.79,4,Marginally Below Average
267097,KILLINEY SOUTH,"6,386.00",33.95,28.18,12.6,38.67,38.94,19.43,11.63,9.92,62.0,9.22,25.6,0.54,-4.84,-5.58,4,Marginally Below Average
267003,BALBRIGGAN URBAN,"8,102.00",35.1,25.76,12.5,32.16,30.79,21.66,9.91,9.85,66.8,22.1,8.97,0.54,-4.7,-5.72,4,Marginally Below Average
268074,GRANGE D,"3,952.00",36.31,28.23,14.76,35.69,38.51,17.22,9.67,8.14,79.34,9.49,9.91,0.48,-4.38,-5.03,4,Marginally Below Average
267032,BLANCHARDSTOWN-MULHUDDART,"4,219.00",27.12,28.71,10.83,33.23,23.35,27.86,11.96,11.28,46.05,26.0,26.24,0.7,-4.36,-5.99,4,Marginally Below Average
268141,ROYAL EXCHANGE B,"2,213.00",32.44,57.81,14.95,45.55,16.99,23.76,15.57,14.16,4.52,38.04,55.37,1.0,-4.34,-5.95,4,Marginally Below Average
268104,MOUNTJOY A,"7,374.00",22.85,48.25,14.8,43.72,15.98,32.21,17.78,17.09,8.8,51.09,26.51,0.93,-4.08,-6.34,4,Marginally Below Average
268076,HARMONSTOWN A,"2,848.00",38.8,21.25,15.56,32.44,38.17,17.72,7.87,6.99,84.51,6.52,7.37,0.47,-3.86,-4.57,4,Marginally Below Average
268080,INNS QUAY A,"4,033.00",21.65,21.67,17.72,41.41,24.94,23.98,10.23,10.67,27.02,64.98,5.47,0.92,-3.86,-5.47,4,Marginally Below Average
267139,TALLAGHT-GLENVIEW,"2,171.00",34.55,30.77,16.13,35.11,30.77,19.92,9.12,9.89,53.33,34.92,7.36,0.58,-3.39,-4.62,4,Marginally Below Average
268047,CLONTARF WEST B,"2,395.00",33.53,28.11,19.71,36.37,35.37,20.77,10.43,6.37,68.04,11.92,18.64,0.52,-3.33,-4.34,4,Marginally Below Average
268013,BALLYGALL B,"1,930.00",40.88,24.36,14.06,32.95,33.89,19.59,7.04,6.24,70.98,10.23,15.34,0.52,-3.31,-4.25,4,Marginally Below Average
267098,KILSALLAGHAN,"2,406.00",36.03,23.9,12.39,33.57,35.74,16.15,9.08,5.01,79.19,6.14,12.57,0.5,-3.29,-4.17,4,Marginally Below Average
268022,BEAUMONT B,"5,103.00",42.23,14.91,13.87,39.29,35.57,15.51,10.42,6.47,71.61,21.74,3.32,0.62,-3.12,-3.99,4,Marginally Below Average
268054,CRUMLIN D,"4,190.00",31.29,33.9,19.01,37.33,31.62,22.81,10.27,7.19,64.48,18.77,13.85,0.54,-2.72,-4.03,4,Marginally Below Average
267053,CLONDALKIN VILLAGE,"9,388.00",34.16,27.77,9.92,31.51,30.19,19.61,7.01,8.06,74.58,17.55,5.23,0.57,-2.61,-3.93,4,Marginally Below Average
268031,CABRA EAST B,"3,746.00",30.17,36.34,16.8,37.36,31.31,21.28,11.96,7.52,65.68,20.68,8.55,0.53,-2.55,-3.87,4,Marginally Below Average
268154,WALKINSTOWN A,"2,947.00",31.05,21.89,15.99,37.08,29.35,16.68,9.05,7.65,55.1,27.19,9.89,0.56,-2.44,-3.72,4,Marginally Below Average
268094,KIMMAGE E,"3,500.00",31.11,32.03,16.06,42.67,35.29,20.12,12.77,7.49,58.65,16.17,18.78,0.51,-2.43,-3.63,4,Marginally Below Average
268150,USHERS C,"4,069.00",23.1,47.06,14.68,42.18,25.85,28.5,11.67,12.16,26.6,36.17,26.6,0.63,-2.13,-4.06,4,Marginally Below Average
267073,DUN LAOGHAIRE SALLYNOGGIN SOUTH,"1,434.00",38.7,26.83,12.96,37.04,40.1,20.47,10.4,6.83,65.79,9.54,21.55,0.45,-2.12,-3.08,4,Marginally Below Average
267015,BALLYBRACK,"2,872.00",42.2,16.46,12.31,40.91,46.73,12.81,8.6,5.16,88.04,3.68,6.54,0.44,-2.03,-2.49,4,Marginally Below Average
268096,MANSION HOUSE A,"4,298.00",20.45,58.62,14.4,49.61,26.13,24.75,13.06,12.74,9.09,42.87,42.8,0.75,-2.02,-3.9,4,Marginally Below Average
267050,CLONDALKIN-MONASTERY,"11,357.00",31.79,25.6,10.63,34.91,31.76,19.46,8.6,9.26,67.28,24.31,4.3,0.57,-1.91,-3.31,4,Marginally Below Average
268124,RAHENY-FOXFIELD,"2,553.00",39.56,20.85,10.91,40.55,45.12,14.61,9.51,6.75,84.77,4.37,8.06,0.44,-1.75,-2.43,4,Marginally Below Average
268053,CRUMLIN C,"2,364.00",29.7,27.27,18.8,39.62,33.5,23.66,10.73,7.36,64.29,17.51,14.92,0.54,-1.63,-3.08,4,Marginally Below Average
268065,FINGLAS NORTH C,"3,678.00",33.82,21.78,14.33,33.0,33.47,19.03,6.76,6.53,82.04,11.59,3.81,0.51,-1.55,-2.84,4,Marginally Below Average
267108,PALMERSTON VILLAGE,"3,689.00",36.79,18.92,12.09,34.36,37.6,15.82,7.27,5.25,88.33,9.31,0.64,0.44,-1.41,-2.4,4,Marginally Below Average
267033,BLANCHARDSTOWN-ROSELAWN,"1,647.00",48.57,14.4,9.35,44.16,48.57,10.79,6.88,5.81,86.23,7.36,4.07,0.38,-1.38,-1.68,4,Marginally Below Average
267047,CLONDALKIN-BALLYMOUNT,"2,320.00",30.09,18.23,9.56,32.7,32.93,13.8,8.19,7.36,83.2,14.85,1.14,0.65,-1.34,-2.75,4,Marginally Below Average
268088,KILMORE A,"3,678.00",27.38,28.26,11.14,32.76,33.74,18.69,7.96,7.88,68.1,21.98,8.36,0.61,-1.31,-2.8,4,Marginally Below Average
267131,SWORDS-GLASMORE,"7,674.00",29.55,17.43,9.56,33.35,34.88,18.65,6.85,7.48,77.86,11.3,9.18,0.54,-0.58,-2.04,4,Marginally Below Average
268077,HARMONSTOWN B,"2,921.00",32.42,17.35,13.32,37.07,38.55,19.55,8.5,8.25,77.79,10.76,9.28,0.51,-0.46,-1.8,4,Marginally Below Average
268036,CABRA WEST D,"2,816.00",30.08,30.14,14.97,41.81,39.6,19.49,9.96,7.47,56.12,21.71,20.33,0.54,-0.29,-1.66,4,Marginally Below Average
267002,BALBRIGGAN RURAL,"19,347.00",32.51,24.89,7.07,39.8,32.85,20.55,10.44,10.87,59.91,20.94,14.85,0.63,-0.17,-1.91,4,Marginally Below Average
267044,CHURCHTOWN-NUTGROVE,"3,190.00",35.24,14.67,15.0,46.26,48.34,13.46,10.9,6.02,78.07,11.01,8.94,0.49,-0.04,-0.92,4,Marginally Below Average
267135,SWORDS VILLAGE,"2,786.00",35.46,18.39,8.05,41.34,36.47,15.57,8.72,7.68,62.18,30.54,4.25,0.55,-0.02,-1.41,4,Marginally Below Average
268020,BALLYMUN F,"2,359.00",39.13,12.12,12.56,34.52,41.37,13.6,4.37,5.63,90.46,7.24,1.03,0.45,-0.02,-0.98,4,Marginally Below Average
268110,PEMBROKE EAST A,"5,017.00",25.55,35.84,15.66,44.89,38.63,20.16,8.98,8.55,45.23,26.61,25.69,0.57,0.03,-1.52,5,Marginally Above Average
268014,BALLYGALL D,"2,526.00",36.54,18.1,15.1,39.42,42.76,16.78,7.38,4.81,79.62,10.67,7.68,0.48,0.04,-1.06,5,Marginally Above Average
268023,BEAUMONT C,"3,382.00",35.04,20.86,13.04,39.87,38.17,16.44,6.89,7.33,75.02,15.65,5.78,0.46,0.31,-0.99,5,Marginally Above Average
267151,TEMPLEOGUE-LIMEKILN,"3,821.00",36.9,11.4,13.99,38.78,43.08,13.89,6.07,7.0,88.44,5.24,3.66,0.45,0.33,-0.73,5,Marginally Above Average
268155,WALKINSTOWN B,"2,014.00",33.47,16.39,13.46,36.94,36.25,17.39,7.04,5.57,80.62,13.28,3.79,0.48,0.35,-1.06,5,Marginally Above Average
268082,INNS QUAY C,"3,087.00",19.14,41.82,16.38,45.82,21.9,28.07,10.62,10.85,25.87,40.49,31.12,0.73,0.41,-2.07,5,Marginally Above Average
267012,BALLINTEER-MEADOWMOUNT,"1,828.00",38.18,13.29,12.69,42.6,45.4,13.75,6.94,8.85,75.47,3.8,19.27,0.46,0.43,-0.51,5,Marginally Above Average
267008,BALLINTEER-BROADFORD,"2,480.00",43.87,8.7,6.71,46.23,51.81,8.68,7.39,6.46,92.0,6.51,0.96,0.44,0.44,-0.11,5,Marginally Above Average
268156,WALKINSTOWN C,"2,481.00",35.23,21.08,15.06,37.59,32.33,16.99,6.69,4.1,75.32,11.57,8.85,0.47,0.57,-0.96,5,Marginally Above Average
267035,BOHERNABREENA,"5,672.00",33.82,14.59,9.36,39.28,44.57,12.43,8.48,7.61,78.43,8.16,11.12,0.57,0.58,-0.64,5,Marginally Above Average
268138,ROTUNDA A,"6,528.00",21.84,36.83,11.17,47.45,17.68,30.05,12.72,11.88,9.13,60.69,22.66,0.92,0.74,-2.0,5,Marginally Above Average
267031,BLANCHARDSTOWN-DELWOOD,"5,144.00",39.83,17.84,7.86,50.14,42.07,13.16,9.47,7.44,71.47,24.06,2.29,0.47,0.8,-0.31,5,Marginally Above Average
268011,BALLYGALL C,"3,646.00",41.06,9.15,14.03,43.2,47.39,12.09,6.57,5.33,85.17,9.21,3.04,0.47,0.84,-0.03,5,Marginally Above Average
268021,BEAUMONT A,"2,668.00",39.36,13.3,13.38,40.87,41.38,13.47,6.29,5.91,87.25,9.14,1.1,0.43,0.89,-0.21,5,Marginally Above Average
267072,DUN LAOGHAIRE SALLYNOGGIN EAST,"2,941.00",39.24,20.7,10.06,48.53,50.49,11.87,8.55,6.98,76.2,4.97,16.35,0.45,1.07,0.25,5,Marginally Above Average
268109,NORTH DOCK C,"4,328.00",19.96,53.19,15.39,53.65,31.56,22.4,11.91,8.48,16.79,53.51,25.81,0.69,1.18,-0.94,5,Marginally Above Average
268056,CRUMLIN F,"3,141.00",32.47,28.99,12.23,39.65,30.69,19.7,7.13,5.04,74.04,20.23,4.14,0.53,1.3,-0.53,5,Marginally Above Average
267155,TERENURE-CHERRYFIELD,"2,229.00",34.59,17.87,12.87,42.23,41.95,13.84,6.19,5.83,81.78,12.85,3.39,0.45,1.34,0.1,5,Marginally Above Average
267005,BALGRIFFIN,"5,544.00",38.55,19.49,5.69,56.63,42.57,10.96,13.87,17.14,55.28,30.19,7.87,0.78,1.45,-0.17,5,Marginally Above Average
267083,EDMONDSTOWN,"5,685.00",32.86,16.18,9.82,45.33,46.82,14.36,8.92,6.52,70.38,8.66,19.73,0.52,1.55,0.3,5,Marginally Above Average
268024,BEAUMONT D,"2,085.00",38.32,11.64,10.51,41.29,44.7,12.53,5.12,5.18,90.82,7.56,0.4,0.44,1.61,0.54,5,Marginally Above Average
267054,CLONMETHAN,933,34.83,16.22,11.83,38.43,43.19,12.3,6.43,4.37,79.78,7.35,11.03,0.52,1.69,0.39,5,Marginally Above Average
268093,KIMMAGE D,"2,533.00",30.24,28.5,15.14,43.39,37.58,20.15,9.48,6.12,65.76,18.69,13.13,0.51,1.69,-0.01,5,Marginally Above Average
267118,RUSH,"11,116.00",33.62,17.56,8.45,39.0,41.76,16.31,7.27,7.11,74.09,14.48,8.24,0.55,1.74,0.18,5,Marginally Above Average
267101,LUCAN HEIGHTS,"5,131.00",40.05,18.12,8.36,46.7,46.72,11.8,7.77,6.34,77.34,11.36,7.45,0.44,1.75,0.73,5,Marginally Above Average
268160,WHITEHALL D,"3,279.00",37.88,27.95,10.13,51.52,44.8,13.4,6.78,7.87,63.41,28.83,4.56,0.58,1.79,0.49,5,Marginally Above Average
268153,USHERS F,"3,461.00",31.2,24.44,10.67,59.08,41.98,15.21,9.59,7.9,45.67,39.61,11.86,0.67,1.93,0.31,5,Marginally Above Average
268004,ARRAN QUAY D,"3,308.00",22.67,36.69,13.91,53.67,33.16,17.7,11.86,9.47,37.02,47.44,13.26,0.65,1.98,-0.11,5,Marginally Above Average
268025,BEAUMONT E,"1,941.00",41.16,10.19,10.98,44.97,49.92,10.7,5.85,4.29,88.79,8.95,0.93,0.42,2.04,1.18,5,Marginally Above Average
267027,BLANCHARDSTOWN-ABBOTSTOWN,"6,551.00",32.25,18.98,7.2,55.16,41.78,15.41,9.83,10.86,50.46,42.14,5.66,0.73,2.24,0.49,5,Marginally Above Average
267091,GARRISTOWN,"1,801.00",34.76,10.36,9.83,35.75,42.48,19.89,6.13,5.82,80.04,5.93,10.08,0.54,2.28,0.64,5,Marginally Above Average
267107,NEWCASTLE,"5,552.00",38.6,18.13,9.55,42.94,42.85,12.7,6.24,7.36,75.42,11.46,6.32,0.57,2.39,0.9,5,Marginally Above Average
267016,BALSCADDEN,743,33.51,11.39,11.63,38.78,47.51,13.78,6.54,3.57,89.81,6.94,1.39,0.49,2.51,1.18,5,Marginally Above Average
268149,USHERS B,"1,903.00",11.93,41.67,9.27,55.5,19.08,25.74,9.97,10.84,14.06,55.63,26.41,0.85,2.72,-0.37,5,Marginally Above Average
267104,LUSK,"10,774.00",33.79,15.51,7.92,41.73,42.82,14.31,6.81,6.76,77.56,12.93,7.74,0.57,2.77,1.16,5,Marginally Above Average
267119,SAGGART,"6,248.00",37.98,16.62,7.65,49.52,38.51,13.08,7.33,10.04,61.42,26.9,5.12,0.7,2.91,1.08,5,Marginally Above Average
267070,DUN LAOGHAIRE-MONKSTOWN FARM,"2,321.00",31.97,21.74,11.56,48.5,45.97,16.85,8.41,8.4,66.44,20.8,7.93,0.52,2.94,1.36,5,Marginally Above Average
267159,TIBRADDEN,945,41.59,12.37,11.67,51.22,54.71,9.09,5.29,6.19,68.82,23.3,0.72,0.59,2.96,2.02,5,Marginally Above Average
267153,TEMPLEOGUE-OSPREY,"2,258.00",43.58,13.92,8.53,47.05,49.87,8.11,4.4,5.09,91.76,6.3,0.73,0.41,2.97,2.08,5,Marginally Above Average
267160,TURNAPIN,"1,730.00",26.36,15.91,7.75,42.6,36.99,14.67,7.12,6.86,80.65,14.65,3.44,0.52,2.98,1.15,5,Marginally Above Average
268085,KILMAINHAM C,"4,956.00",24.88,42.56,11.25,50.87,36.95,20.63,10.18,7.65,40.53,35.41,16.06,0.57,3.02,0.95,5,Marginally Above Average
268158,WHITEHALL B,"4,371.00",32.67,21.14,11.88,45.06,38.27,16.91,7.72,6.44,70.85,21.13,4.89,0.49,3.03,1.25,5,Marginally Above Average
267028,BLANCHARDSTOWN-BLAKESTOWN,"43,905.00",30.59,18.16,6.76,44.27,38.66,16.3,7.29,8.84,70.1,24.29,3.5,0.62,3.06,1.16,5,Marginally Above Average
268071,GRANGE A,"12,598.00",30.05,23.44,7.93,41.79,40.19,14.5,7.0,7.14,66.98,19.39,8.76,0.59,3.18,1.33,5,Marginally Above Average
267004,BALDOYLE,"8,096.00",34.99,17.6,10.65,46.19,45.96,13.11,6.57,6.22,76.01,13.55,6.76,0.51,3.19,1.74,5,Marginally Above Average
267064,DALKEY-COLIEMORE,"1,354.00",43.5,25.56,5.68,63.21,57.68,6.06,7.59,7.63,69.3,15.79,6.14,0.42,3.23,2.55,5,Marginally Above Average
268100,MERCHANTS QUAY C,"3,814.00",17.51,47.44,12.96,50.51,27.11,24.23,10.88,7.75,22.75,46.23,21.71,0.75,3.25,0.59,5,Marginally Above Average
267066,DUBBER,"8,931.00",27.02,31.54,6.02,44.27,31.39,20.05,8.54,9.93,46.98,38.6,7.78,0.72,3.28,0.87,5,Marginally Above Average
267009,BALLINTEER-LUDFORD,"2,110.00",46.49,10.31,10.24,48.41,55.69,9.1,6.58,2.67,92.64,5.65,0.39,0.42,3.29,2.52,5,Marginally Above Average
267014,BALLYBOGHIL,"1,629.00",37.38,15.09,9.05,42.35,48.8,11.29,6.47,8.26,79.4,7.94,9.87,0.52,3.48,2.01,5,Marginally Above Average
268139,ROTUNDA B,"3,589.00",18.64,38.03,10.09,57.73,14.29,20.27,11.83,11.84,9.39,72.2,13.41,0.8,3.5,0.36,5,Marginally Above Average
267133,SWORDS-LISSENHALL,"12,065.00",31.83,18.72,5.65,43.72,43.46,14.16,8.17,7.24,65.73,20.88,9.85,0.58,3.54,1.79,5,Marginally Above Average
267093,HOLLYWOOD,"1,476.00",33.4,10.78,9.26,39.26,47.7,12.78,4.76,5.75,85.75,8.42,2.81,0.48,3.67,2.22,5,Marginally Above Average
268026,BEAUMONT F,"3,893.00",35.45,19.28,9.54,48.26,45.72,12.62,7.01,4.31,75.49,15.13,5.67,0.48,4.02,2.49,5,Marginally Above Average
268078,INCHICORE A,"2,557.00",28.55,30.43,13.57,50.19,35.71,19.41,7.89,7.02,57.48,32.96,7.53,0.52,4.03,1.91,5,Marginally Above Average
267057,CLONSKEAGH-FARRANBOLEY,"1,751.00",33.52,20.0,12.06,53.93,45.8,14.03,9.29,6.86,62.93,18.89,16.34,0.49,4.04,2.41,5,Marginally Above Average
267110,PORTMARNOCK NORTH,"4,048.00",50.22,9.43,4.58,51.79,58.5,5.53,4.58,3.6,96.12,3.02,0.0,0.4,4.04,3.47,5,Marginally Above Average
268105,MOUNTJOY B,"4,537.00",13.27,37.61,8.76,49.46,17.37,37.17,12.11,12.42,6.28,76.5,13.94,0.77,4.4,0.94,5,Marginally Above Average
267156,TERENURE-GREENTREES,"2,948.00",37.25,8.75,10.34,49.57,52.44,9.43,5.52,4.74,89.39,7.36,0.84,0.42,4.41,3.25,5,Marginally Above Average
267084,FIRHOUSE VILLAGE,"12,254.00",32.79,17.56,5.37,48.61,47.41,10.81,6.78,6.87,78.74,16.51,3.39,0.55,4.43,2.85,5,Marginally Above Average
268019,BALLYMUN E,"1,674.00",37.69,9.16,7.23,49.48,52.27,9.14,6.06,5.49,91.19,7.25,0.35,0.43,4.6,3.38,5,Marginally Above Average
267130,SUTTON,"5,789.00",43.2,14.44,6.47,54.24,58.39,7.08,5.57,5.43,85.29,12.14,0.51,0.43,4.77,3.85,5,Marginally Above Average
268032,CABRA EAST C,"4,239.00",22.84,23.75,11.91,53.67,36.73,22.32,10.64,6.41,36.97,53.78,7.09,0.54,4.97,2.57,5,Marginally Above Average
268159,WHITEHALL C,"2,908.00",27.68,26.55,10.25,48.09,41.23,13.99,6.91,6.78,57.34,32.53,7.34,0.5,4.98,2.94,5,Marginally Above Average
268010,BALLYBOUGH B,"4,184.00",18.09,26.8,10.37,54.8,28.63,25.85,12.37,10.01,24.03,61.15,11.12,0.68,5.09,2.14,5,Marginally Above Average
267077,DUN LAOGHAIRE-WEST CENTRAL,"2,726.00",34.78,23.58,7.75,62.24,52.71,11.39,8.26,8.2,44.12,35.35,18.54,0.56,5.14,3.63,5,Marginally Above Average
267123,SKERRIES,"8,880.00",35.82,15.49,6.48,52.41,54.93,10.54,7.37,5.86,77.98,12.14,8.06,0.49,5.15,3.78,5,Marginally Above Average
268107,NORTH DOCK A,"1,406.00",22.97,24.68,9.73,56.28,40.04,17.99,10.3,6.71,60.03,35.71,2.21,0.51,5.23,3.0,5,Marginally Above Average
267112,RATHCOOLE,"6,590.00",39.89,14.86,7.35,46.6,45.24,12.51,5.74,5.54,78.85,14.89,4.24,0.53,5.24,3.48,5,Marginally Above Average
268072,GRANGE B,"7,438.00",29.43,27.34,7.16,48.31,39.89,15.67,6.91,7.53,51.12,33.6,8.63,0.63,5.26,3.02,5,Marginally Above Average
267152,TEMPLEOGUE-ORWELL,"1,991.00",50.08,7.01,7.73,48.75,56.91,6.77,2.69,3.34,94.82,3.78,0.0,0.38,5.34,4.56,5,Marginally Above Average
268041,CLONTARF EAST A,"3,626.00",37.89,8.77,9.65,51.26,54.58,9.81,5.27,5.04,81.6,7.57,8.75,0.47,5.41,4.09,5,Marginally Above Average
267086,FIRHOUSE-KNOCKLYON,"3,510.00",46.15,10.07,4.98,54.57,59.4,6.31,5.56,3.37,94.72,3.55,0.63,0.4,5.46,4.59,5,Marginally Above Average
267116,RATHFARNHAM-St. ENDA'S,"3,952.00",39.35,8.33,6.94,57.83,59.13,7.79,7.0,4.92,83.57,11.33,3.08,0.43,5.52,4.44,5,Marginally Above Average
267158,THE WARD,"13,289.00",31.49,16.35,4.78,51.17,40.35,17.63,8.04,9.38,62.7,28.17,6.38,0.69,5.53,3.2,5,Marginally Above Average
267132,SWORDS-FORREST,"15,926.00",30.77,14.59,5.16,45.6,44.43,13.23,5.56,6.09,74.76,20.96,2.95,0.55,5.61,3.66,5,Marginally Above Average
268151,USHERS D,"2,390.00",22.51,44.07,10.2,56.56,34.94,18.26,9.54,8.39,34.13,43.81,16.55,0.6,5.7,3.16,5,Marginally Above Average
267122,SHANKILL-SHANGANAGH,"5,522.00",35.26,16.64,6.17,53.35,54.06,10.47,6.29,6.3,81.3,15.16,2.01,0.49,5.76,4.27,5,Marginally Above Average
267120,SHANKILL-RATHMICHAEL,"5,731.00",32.18,19.15,5.92,54.41,53.73,11.01,7.2,6.96,70.47,14.57,12.66,0.49,5.76,4.19,5,Marginally Above Average
267023,BLACKROCK-NEWPARK,"2,278.00",44.25,8.25,4.17,66.04,60.8,6.41,7.1,4.78,84.9,7.81,4.64,0.46,5.84,4.9,5,Marginally Above Average
268140,ROYAL EXCHANGE A,"5,063.00",17.74,36.36,8.4,65.33,22.67,17.37,10.98,10.84,13.46,60.51,21.99,0.83,5.86,2.85,5,Marginally Above Average
268002,ARRAN QUAY B,"5,529.00",12.95,26.23,6.73,65.44,24.81,19.1,11.61,11.13,21.63,70.04,6.22,0.91,5.91,2.68,5,Marginally Above Average
268046,CLONTARF WEST A,"3,758.00",32.49,14.0,7.24,54.23,53.54,11.3,7.18,6.84,77.47,15.68,3.39,0.47,5.95,4.37,5,Marginally Above Average
268103,MERCHANTS QUAY F,"2,328.00",22.81,37.21,8.34,61.0,36.34,19.86,11.11,7.32,28.26,53.35,11.46,0.66,6.14,3.48,5,Marginally Above Average
267068,DUN LAOGHAIRE-GLASTHULE,"2,982.00",42.12,12.41,6.1,67.62,64.32,6.14,8.98,6.01,73.57,18.82,2.81,0.46,6.17,5.19,5,Marginally Above Average
267024,BLACKROCK-STRADBROOK,"2,612.00",36.14,12.2,8.13,55.8,57.31,9.63,6.34,5.64,79.87,12.01,5.58,0.46,6.18,4.8,5,Marginally Above Average
268099,MERCHANTS QUAY B,"4,343.00",17.64,46.73,9.39,61.78,27.84,21.33,10.83,9.05,25.41,59.32,10.2,0.75,6.24,3.17,5,Marginally Above Average
267036,CABINTEELY-GRANITEFIELD,"2,713.00",37.41,16.8,4.83,55.4,55.69,8.65,6.26,5.39,79.44,13.41,1.71,0.44,6.27,4.89,5,Marginally Above Average
268070,GRACE PARK,"6,272.00",34.25,12.37,9.02,55.15,52.06,11.28,5.72,5.46,72.87,19.86,4.96,0.47,6.31,4.69,5,Marginally Above Average
267039,CABINTEELY-POTTERY,"5,106.00",36.58,12.82,6.36,54.89,55.44,9.63,5.87,5.0,80.1,12.8,4.27,0.45,6.37,4.94,5,Marginally Above Average
267011,BALLINTEER-MEADOWBROADS,"1,696.00",45.22,9.74,5.97,59.66,62.56,6.6,5.33,4.88,90.55,7.79,0.0,0.43,6.4,5.41,5,Marginally Above Average
268081,INNS QUAY B,"4,537.00",16.13,27.78,8.09,58.43,21.86,24.67,10.09,9.61,23.66,64.79,8.36,0.67,6.41,3.1,5,Marginally Above Average
268106,NORTH CITY,"6,749.00",19.16,32.17,7.2,62.15,20.91,24.63,11.35,10.22,10.79,74.56,8.97,0.91,6.43,3.02,5,Marginally Above Average
267100,LUCAN-ESKER,"33,849.00",27.5,14.82,5.09,50.82,43.73,14.08,6.07,7.54,69.84,23.26,4.72,0.61,6.45,4.25,5,Marginally Above Average
268113,PEMBROKE EAST D,"5,368.00",36.08,14.41,7.1,68.24,54.19,8.13,7.06,5.97,43.32,42.42,9.7,0.56,6.54,5.01,5,Marginally Above Average
267001,AIRPORT,"6,152.00",26.43,29.37,3.97,62.54,30.79,16.98,9.07,8.86,23.58,66.43,6.44,0.82,6.69,3.86,5,Marginally Above Average
267060,DALKEY HILL,"1,536.00",44.01,14.29,3.52,66.97,61.91,5.18,5.33,5.94,73.24,14.88,10.87,0.43,6.72,5.73,5,Marginally Above Average
267094,HOLMPATRICK,"4,147.00",41.04,10.59,6.26,52.62,57.1,9.45,6.61,3.61,91.71,4.55,2.42,0.46,6.72,5.28,5,Marginally Above Average
268157,WHITEHALL A,"3,117.00",36.51,9.68,9.02,53.46,50.75,10.06,5.23,3.01,78.37,12.71,7.31,0.46,6.92,5.33,5,Marginally Above Average
267095,HOWTH,"8,399.00",42.59,9.86,5.05,60.08,63.69,6.78,6.28,4.85,85.25,11.27,1.6,0.41,6.99,5.93,5,Marginally Above Average
268118,PHOENIX PARK,"1,465.00",24.44,26.32,9.29,67.26,42.59,14.52,7.35,9.66,20.71,61.46,13.41,0.66,7.03,4.7,5,Marginally Above Average
267099,KINSALEY,"11,470.00",32.81,18.53,4.6,53.74,46.13,11.64,6.3,6.86,68.04,24.51,4.51,0.6,7.14,5.02,5,Marginally Above Average
268005,ARRAN QUAY E,"3,377.00",21.74,36.14,10.16,61.27,41.9,16.8,9.02,5.91,40.67,45.98,11.4,0.51,7.16,4.75,5,Marginally Above Average
268001,ARRAN QUAY A,"1,784.00",18.39,24.71,8.84,59.71,35.76,19.77,8.92,8.02,33.23,55.43,8.19,0.6,7.21,4.45,5,Marginally Above Average
267056,CLONSKEAGH-BELFIELD,"3,754.00",11.88,12.63,1.63,77.78,18.3,5.44,11.35,10.81,23.23,71.52,3.1,0.58,7.28,4.24,5,Marginally Above Average
267134,SWORDS-SEATOWN,"7,465.00",30.03,17.51,4.14,53.12,52.89,10.46,6.4,7.18,75.18,19.97,2.26,0.53,7.4,5.49,5,Marginally Above Average
267010,BALLINTEER-MARLEY,"2,222.00",44.78,11.23,3.48,58.02,63.19,5.47,4.12,2.79,90.44,7.75,0.36,0.4,7.62,6.57,5,Marginally Above Average
267080,DUNDRUM-SANDYFORD,"7,638.00",32.0,15.83,3.98,65.37,58.38,7.56,7.31,6.18,56.35,35.63,5.26,0.5,7.63,6.06,5,Marginally Above Average
267082,DUNDRUM-TANEY,"2,748.00",36.06,13.58,5.72,63.58,59.24,6.69,6.98,5.99,75.56,13.09,9.71,0.45,7.64,6.19,5,Marginally Above Average
268037,CHAPELIZOD,"3,397.00",29.2,32.06,8.1,60.6,46.31,12.72,7.08,5.26,47.62,36.3,9.68,0.54,7.66,5.44,5,Marginally Above Average
267113,RATHFARNHAM-BALLYROAN,"2,743.00",44.22,6.47,4.74,60.96,64.16,5.15,5.19,3.32,92.15,5.54,0.0,0.41,7.84,6.78,5,Marginally Above Average
267149,TEMPLEOGUE-CYPRESS,"2,807.00",44.25,7.32,7.18,56.7,59.92,5.98,3.4,3.01,90.08,8.16,0.21,0.43,7.85,6.65,5,Marginally Above Average
268059,DRUMCONDRA SOUTH B,"1,889.00",22.87,28.57,11.56,62.68,40.97,19.59,8.16,7.92,42.0,45.58,9.09,0.56,7.85,5.19,5,Marginally Above Average
268102,MERCHANTS QUAY E,"2,651.00",16.64,22.58,5.74,67.8,32.4,11.65,6.78,6.25,40.21,53.39,3.39,0.72,7.88,5.07,5,Marginally Above Average
268003,ARRAN QUAY C,"4,646.00",12.61,42.29,6.67,66.01,34.8,17.42,10.81,8.48,15.7,65.93,14.54,0.73,8.13,5.06,5,Marginally Above Average
267025,BLACKROCK-TEMPLEHILL,"2,810.00",33.74,13.17,4.54,69.17,60.85,7.47,7.19,7.77,61.84,21.76,13.04,0.47,8.16,6.61,5,Marginally Above Average
267111,PORTMARNOCK SOUTH,"4,729.00",40.77,10.33,5.3,58.5,59.65,7.02,4.8,5.07,78.19,17.34,2.74,0.46,8.18,6.71,5,Marginally Above Average
268007,ASHTOWN B,"2,843.00",36.23,9.56,9.47,55.16,51.99,10.72,4.23,3.82,79.9,16.96,0.59,0.47,8.2,6.37,5,Marginally Above Average
267078,DUNDRUM-BALALLY,"8,844.00",31.31,15.14,6.55,62.34,52.77,9.92,6.38,7.36,46.68,38.86,9.0,0.57,8.21,6.21,5,Marginally Above Average
267062,DALKEY-AVONDALE,"1,439.00",43.29,6.03,2.09,64.35,69.15,2.92,4.1,6.33,93.95,4.49,0.0,0.38,8.26,7.37,5,Marginally Above Average
267114,RATHFARNHAM-BUTTERFIELD,"3,290.00",41.43,8.87,3.28,62.63,66.29,4.8,5.23,4.53,86.24,11.44,0.41,0.39,8.34,7.25,5,Marginally Above Average
267065,DONABATE,"11,783.00",30.64,12.84,5.34,55.14,55.49,10.52,6.37,7.1,78.85,12.7,5.33,0.53,8.5,6.48,5,Marginally Above Average
268027,BOTANIC A,"3,331.00",32.06,19.4,6.8,61.31,50.62,10.15,5.7,5.83,63.02,32.48,1.09,0.48,8.52,6.52,5,Marginally Above Average
268108,NORTH DOCK B,"10,173.00",19.36,39.69,7.62,61.49,35.55,16.85,8.3,8.37,32.26,53.58,7.44,0.75,8.52,5.46,5,Marginally Above Average
267103,LUCAN-St. HELENS,"16,805.00",34.19,14.19,6.03,56.89,51.83,11.11,5.95,7.74,71.02,20.41,5.16,0.58,8.53,6.4,5,Marginally Above Average
268142,SAINT KEVIN'S,"5,732.00",22.68,25.17,4.73,72.98,36.65,11.45,10.47,6.57,18.04,70.8,6.87,0.78,8.54,5.76,5,Marginally Above Average
267007,BALLINTEER-WOODPARK,"5,323.00",37.99,14.06,4.43,60.92,61.0,5.94,4.44,5.79,77.77,16.81,2.51,0.46,8.57,7.15,5,Marginally Above Average
267013,BALLYBODEN,"5,246.00",37.13,11.31,4.24,58.7,59.3,7.67,5.0,4.55,86.4,9.2,3.67,0.46,8.67,7.08,5,Marginally Above Average
267045,CHURCHTOWN-ORWELL,"1,968.00",42.33,6.45,4.4,70.16,68.65,2.95,4.58,5.76,85.46,12.19,0.44,0.42,8.69,7.72,5,Marginally Above Average
268060,DRUMCONDRA SOUTH C,"3,337.00",33.59,10.39,6.31,66.46,56.85,8.48,6.08,4.48,76.03,20.89,0.73,0.46,8.75,7.05,5,Marginally Above Average
267063,DALKEY-BULLOCK,"1,802.00",44.95,13.48,4.7,65.49,62.6,5.96,4.09,4.61,79.02,16.52,2.08,0.45,8.76,7.47,5,Marginally Above Average
268050,CLONTARF WEST E,"2,483.00",34.15,11.02,8.68,57.23,59.81,10.16,4.96,4.75,83.83,12.74,0.86,0.46,8.81,7.12,5,Marginally Above Average
267042,CHURCHTOWN-CASTLE,"1,911.00",35.06,12.38,6.61,64.12,61.38,8.52,7.01,6.88,67.26,16.44,13.84,0.49,8.97,7.21,5,Marginally Above Average
268162,WOOD QUAY B,"3,907.00",21.17,11.63,7.58,68.27,43.97,13.14,9.97,6.64,36.17,55.63,5.08,0.55,8.98,6.4,5,Marginally Above Average
267106,MALAHIDE WEST,"6,014.00",38.69,6.92,4.41,58.55,62.7,6.78,3.8,5.05,85.59,11.67,1.75,0.43,9.0,7.59,5,Marginally Above Average
267074,DUN LAOGHAIRE-SALLYNOGGIN WEST,"4,354.00",31.4,17.1,8.07,60.92,58.41,11.11,6.41,7.8,48.04,35.55,11.79,0.56,9.02,6.99,5,Marginally Above Average
268043,CLONTARF EAST C,"3,189.00",37.13,11.6,3.45,66.28,64.97,5.31,4.99,6.58,75.87,20.29,0.94,0.43,9.05,7.68,5,Marginally Above Average
268030,CABRA EAST A,"5,910.00",25.25,14.51,7.12,62.25,43.94,15.11,6.95,6.08,45.52,48.24,4.08,0.5,9.18,6.63,5,Marginally Above Average
268084,KILMAINHAM B,"2,638.00",22.63,23.08,7.23,70.18,46.78,12.35,7.21,7.32,40.65,43.64,12.71,0.59,9.22,6.68,5,Marginally Above Average
268092,KIMMAGE C,"3,738.00",27.39,19.48,10.17,66.57,46.82,14.65,6.4,7.13,40.7,49.38,6.23,0.57,9.4,6.89,5,Marginally Above Average
267076,DUN LAOGHAIRE-SANDYCOVE,"3,688.00",43.28,10.41,3.53,69.79,69.69,4.72,4.77,5.94,75.65,13.74,8.79,0.43,9.45,8.3,5,Marginally Above Average
267115,RATHFARNHAM-HERMITAGE,"4,378.00",37.28,11.62,3.11,67.08,65.51,4.64,4.59,4.97,82.58,15.18,0.64,0.44,9.56,8.21,5,Marginally Above Average
268006,ASHTOWN A,"12,094.00",27.24,18.34,6.49,58.65,52.08,10.87,5.98,5.3,62.95,27.1,4.4,0.55,9.6,7.32,5,Marginally Above Average
267105,MALAHIDE EAST,"8,406.00",38.32,12.24,3.62,62.84,64.1,5.51,4.78,5.46,73.95,22.36,2.23,0.46,9.61,8.08,5,Marginally Above Average
267067,DUN LAOGHAIRE-EAST CENTRAL,"2,604.00",34.72,15.53,2.46,71.91,60.33,6.94,7.66,6.47,51.36,44.51,1.11,0.56,9.63,7.79,5,Marginally Above Average
267089,FOXROCK-DEANSGRANGE,"2,523.00",42.45,6.67,1.77,69.17,70.23,3.7,4.97,4.95,90.48,7.59,0.36,0.4,9.77,8.64,5,Marginally Above Average
268101,MERCHANTS QUAY D,"2,575.00",23.18,16.94,9.8,64.93,46.8,13.38,6.73,5.75,68.09,25.93,4.17,0.59,9.85,7.25,5,Marginally Above Average
268126,RAHENY-St. ASSAM,"3,919.00",37.94,10.39,5.19,59.9,62.67,6.39,4.1,3.76,77.5,17.5,3.03,0.44,10.01,8.41,6,Affluent
267096,KILLINEY NORTH,"3,390.00",40.97,10.68,3.56,68.62,69.0,5.73,4.65,4.45,86.77,9.1,1.82,0.4,10.17,8.84,6,Affluent
268042,CLONTARF EAST B,"7,204.00",37.19,10.82,3.74,67.06,65.31,6.03,4.84,5.37,75.12,20.06,2.58,0.45,10.28,8.73,6,Affluent
268049,CLONTARF WEST D,"2,530.00",24.55,16.4,6.19,58.68,46.52,14.63,6.34,5.13,48.82,46.45,1.32,0.51,10.33,7.67,6,Affluent
268045,CLONTARF EAST E,"1,748.00",39.42,9.43,3.04,64.58,63.9,5.96,4.88,3.64,85.08,13.55,0.51,0.47,10.39,8.81,6,Affluent
267154,TEMPLEOGUE VILLAGE,"2,270.00",37.8,9.66,3.72,67.71,67.36,5.09,4.37,5.86,71.36,25.85,0.49,0.44,10.47,8.95,6,Affluent
267075,DUN LAOGHAIRE-SALTHILL,"1,758.00",34.07,15.76,3.66,73.5,65.53,8.24,6.4,6.22,51.94,38.82,6.43,0.48,10.52,8.76,6,Affluent
267026,BLACKROCK-WILLIAMSTOWN,"2,876.00",36.37,13.16,2.07,77.67,62.87,4.87,5.4,4.96,58.76,32.77,4.18,0.5,10.65,8.98,6,Affluent
268029,BOTANIC C,"2,362.00",23.54,8.96,3.61,71.31,48.69,10.27,7.25,7.36,47.3,50.06,0.92,0.48,10.68,8.19,6,Affluent
267040,CASTLEKNOCK-KNOCKMAROON,"20,967.00",32.84,10.92,3.67,64.39,58.87,8.29,5.22,5.5,74.24,23.1,1.31,0.51,10.69,8.66,6,Affluent
268145,TERENURE B,"3,746.00",32.49,9.91,7.08,66.63,60.65,8.39,6.16,4.27,70.36,25.41,2.39,0.47,10.72,8.78,6,Affluent
267088,FOXROCK-CARRICKMINES,"6,324.00",40.2,7.48,2.07,67.57,68.39,3.76,4.01,3.91,88.24,9.84,0.75,0.41,10.87,9.49,6,Affluent
267041,CASTLEKNOCK-PARK,"6,355.00",38.11,10.68,3.11,70.23,64.78,4.39,5.13,6.84,71.99,23.69,2.02,0.46,11.01,9.34,6,Affluent
267081,DUNDRUM-SWEETMOUNT,"2,689.00",32.24,8.37,3.37,72.89,66.53,4.87,5.93,6.84,61.58,35.68,0.59,0.45,11.03,9.31,6,Affluent
267125,STILLORGAN-KILMACUD,"4,249.00",37.99,9.22,2.84,66.54,65.05,5.47,4.14,4.76,84.93,12.1,0.4,0.43,11.05,9.4,6,Affluent
268048,CLONTARF WEST C,"4,130.00",29.93,16.95,3.2,71.03,58.31,6.3,6.22,5.33,53.3,43.19,1.29,0.48,11.06,8.96,6,Affluent
267020,BLACKROCK-CARYSFORT,"6,232.00",33.99,9.39,2.26,72.93,64.04,4.81,5.09,4.89,70.51,25.64,1.73,0.48,11.11,9.39,6,Affluent
267087,FOXROCK-BEECHPARK,"1,758.00",41.35,3.82,1.91,69.28,73.04,3.15,4.94,3.36,93.0,4.89,0.98,0.36,11.23,10.02,6,Affluent
267059,CLONSKEAGH-WINDY ARBOUR,"3,020.00",29.97,8.36,5.22,67.8,59.47,6.46,5.28,5.01,65.13,30.92,1.41,0.52,11.29,9.25,6,Affluent
267150,TEMPLEOGUE-KIMMAGE MANOR,"4,929.00",36.4,7.52,3.36,70.01,68.51,5.27,4.62,4.56,83.47,13.91,0.64,0.44,11.3,9.72,6,Affluent
267090,FOXROCK-TORQUAY,"1,558.00",39.92,13.33,1.85,72.71,70.92,2.71,3.98,4.28,82.32,16.02,0.18,0.41,11.35,10.0,6,Affluent
267129,STILLORGAN-PRIORY,"2,269.00",32.79,9.42,3.39,75.19,67.43,6.73,5.85,5.7,69.1,26.35,3.23,0.45,11.38,9.63,6,Affluent
267128,STILLORGAN-MOUNT MERRION,"2,445.00",39.14,8.26,2.41,73.7,74.03,4.62,5.42,4.81,88.96,9.1,0.0,0.41,11.39,10.03,6,Affluent
267018,BLACKROCK-SEAPOINT,"1,519.00",35.02,11.76,1.02,80.98,71.69,4.8,7.51,6.11,69.69,25.69,0.74,0.44,11.43,9.87,6,Affluent
267126,STILLORGAN-LEOPARDSTOWN,"2,973.00",35.96,6.42,2.26,72.92,68.15,3.87,4.99,6.05,57.13,35.83,1.16,0.45,11.47,9.86,6,Affluent
268143,SOUTH DOCK,"8,320.00",17.79,29.59,5.0,76.07,49.28,9.63,7.65,7.66,21.92,59.45,11.41,0.65,11.48,8.69,6,Affluent
267127,STILLORGAN-MERVILLE,"3,275.00",34.38,8.49,2.34,71.07,67.73,4.42,3.98,6.01,71.33,23.63,2.61,0.46,11.53,9.85,6,Affluent
267061,DALKEY UPPER,"2,144.00",42.4,8.42,2.08,70.98,71.83,3.79,4.24,2.91,90.53,8.03,0.26,0.4,11.61,10.27,6,Affluent
267092,GLENCULLEN,"23,596.00",29.6,13.08,3.3,67.21,60.9,7.39,5.52,6.3,65.65,23.34,6.89,0.57,11.63,9.43,6,Affluent
267085,FIRHOUSE-BALLYCULLEN,"10,522.00",30.56,12.84,3.29,63.43,62.4,6.47,5.08,5.15,80.46,14.69,1.42,0.52,11.76,9.65,6,Affluent
268146,TERENURE C,"1,881.00",39.61,6.33,2.78,69.88,67.94,4.26,3.66,3.25,87.38,10.41,0.32,0.41,11.79,10.28,6,Affluent
268058,DRUMCONDRA SOUTH A,"5,923.00",26.35,15.98,4.91,67.58,54.3,11.22,6.58,4.89,53.5,40.78,2.03,0.52,11.87,9.3,6,Affluent
268127,RATHFARNHAM,"5,768.00",29.79,10.35,2.74,76.67,56.71,5.24,5.35,6.2,59.49,35.55,0.73,0.54,11.89,9.57,6,Affluent
268111,PEMBROKE EAST B,"3,852.00",34.27,8.76,3.72,75.66,68.77,4.9,4.89,4.36,60.79,33.62,0.71,0.47,11.96,10.26,6,Affluent
268144,TERENURE A,"3,982.00",31.87,9.41,4.45,70.68,61.78,7.88,5.83,4.13,67.63,28.77,1.93,0.46,12.01,9.93,6,Affluent
267117,RATHFARNHAM VILLAGE,"3,145.00",36.38,7.06,2.01,70.42,68.93,5.72,4.03,4.28,76.25,20.84,0.73,0.41,12.08,10.39,6,Affluent
268135,RATHMINES WEST D,"3,222.00",24.67,13.82,3.91,73.1,58.16,10.34,7.86,6.53,36.58,51.65,9.66,0.52,12.09,9.65,6,Affluent
268128,RATHMINES EAST A,"4,979.00",25.11,11.94,3.28,79.68,58.18,6.29,6.39,6.62,34.07,57.26,3.77,0.53,12.1,9.83,6,Affluent
267022,BLACKROCK-GLENOMENA,"2,000.00",31.2,10.5,0.81,78.87,66.0,3.47,6.02,4.44,69.24,29.15,0.29,0.45,12.11,10.33,6,Affluent
268115,PEMBROKE WEST A,"5,144.00",24.05,17.43,6.17,74.79,59.82,7.65,5.53,5.24,43.38,49.74,3.72,0.54,12.27,9.96,6,Affluent
267124,STILLORGAN-DEERPARK,"3,001.00",40.55,6.64,1.77,74.67,71.98,2.6,4.36,2.77,88.84,8.7,0.0,0.41,12.27,10.88,6,Affluent
268114,PEMBROKE EAST E,"3,924.00",30.2,9.89,1.31,83.48,61.34,3.5,5.45,6.85,44.92,51.29,0.21,0.49,12.44,10.43,6,Affluent
267017,BLACKROCK-MONKSTOWN,"3,422.00",36.94,11.01,1.3,75.94,70.57,4.92,4.93,4.96,73.68,23.71,0.3,0.43,12.45,10.75,6,Affluent
267046,CHURCHTOWN-WOODLAWN,"1,529.00",38.98,7.84,2.01,75.53,69.65,4.07,3.44,4.8,79.34,16.82,2.19,0.44,12.55,10.92,6,Affluent
268133,RATHMINES WEST B,"3,818.00",17.16,15.03,3.38,77.22,48.43,11.41,8.21,5.75,28.16,65.67,4.13,0.57,12.58,9.62,6,Affluent
268137,RATHMINES WEST F,"2,943.00",22.26,12.02,1.89,79.63,61.37,7.47,7.98,6.72,36.21,60.42,0.55,0.5,12.73,10.34,6,Affluent
268097,MANSION HOUSE B,"1,021.00",20.76,12.5,0.54,85.64,42.61,7.87,5.53,4.5,14.61,78.65,1.12,0.79,12.83,9.85,6,Affluent
267058,CLONSKEAGH-ROEBUCK,"3,365.00",33.28,13.64,1.81,74.8,64.99,5.15,4.77,5.92,62.93,28.53,5.24,0.46,12.89,10.84,6,Affluent
268112,PEMBROKE EAST C,"4,179.00",37.38,9.07,1.36,81.35,68.22,3.45,4.77,4.1,63.72,32.04,0.12,0.44,12.9,11.17,6,Affluent
267043,CHURCHTOWN-LANDSCAPE,"1,446.00",37.76,7.48,2.43,70.22,73.44,3.7,2.7,5.45,89.21,10.17,0.0,0.42,13.01,11.45,6,Affluent
268044,CLONTARF EAST D,"2,859.00",36.06,7.02,2.47,71.43,69.08,4.01,3.78,4.14,77.68,19.84,0.69,0.43,13.15,11.38,6,Affluent
267038,CABINTEELY-LOUGHLINSTOWN,"5,362.00",28.61,19.77,2.18,71.59,60.57,7.34,5.78,6.9,58.48,35.51,3.85,0.57,13.22,10.71,6,Affluent
267102,LUCAN NORTH,"1,765.00",35.86,5.16,2.52,66.45,62.55,5.89,3.75,4.09,83.8,15.77,0.22,0.52,13.27,11.05,6,Affluent
268028,BOTANIC B,"3,606.00",27.7,10.19,3.31,70.88,59.9,8.9,5.12,3.48,60.99,34.59,1.74,0.46,13.39,10.99,6,Affluent
267021,BLACKROCK-CENTRAL,"3,774.00",34.79,6.13,1.36,80.28,69.18,3.77,5.04,3.73,70.87,24.65,1.87,0.44,13.4,11.59,6,Affluent
268130,RATHMINES EAST C,"3,484.00",35.85,8.09,0.83,81.24,67.85,4.37,5.59,3.67,63.56,31.55,0.62,0.44,13.42,11.54,6,Affluent
268147,TERENURE D,782,39.77,5.0,1.15,72.66,72.76,3.91,3.23,2.6,86.97,9.86,0.0,0.37,13.5,11.92,6,Affluent
267079,DUNDRUM-KILMACUD,"3,495.00",30.13,18.47,1.89,75.57,63.92,5.53,3.88,6.97,59.4,29.89,6.93,0.47,13.68,11.47,6,Affluent
268132,RATHMINES WEST A,"6,115.00",15.93,19.84,4.75,74.08,46.49,12.56,6.87,6.16,20.53,70.18,4.08,0.58,13.7,10.44,6,Affluent
268131,RATHMINES EAST D,"2,755.00",25.84,9.71,1.75,81.95,63.92,5.18,5.57,5.47,51.55,46.36,0.0,0.47,13.75,11.51,6,Affluent
268117,PEMBROKE WEST C,"4,385.00",23.24,14.36,1.7,84.74,58.31,5.14,5.17,5.3,31.7,65.04,0.51,0.54,13.82,11.38,6,Affluent
268129,RATHMINES EAST B,"5,705.00",27.54,13.42,1.61,84.33,67.62,3.78,5.56,3.85,46.85,47.19,1.12,0.48,13.88,11.83,6,Affluent
268134,RATHMINES WEST C,"2,857.00",23.7,11.04,1.14,80.77,59.43,7.0,5.66,6.1,44.7,52.37,0.66,0.54,14.28,11.65,6,Affluent
267019,BLACKROCK-BOOTERSTOWN,"3,629.00",31.61,12.46,2.09,80.99,68.26,5.1,3.78,4.85,60.14,37.03,0.8,0.48,15.12,12.87,6,Affluent
268136,RATHMINES WEST E,"3,712.00",25.4,12.27,2.13,78.95,60.67,8.16,4.69,5.25,46.83,50.1,1.09,0.5,15.15,12.43,6,Affluent
268116,PEMBROKE WEST B,"3,214.00",23.68,8.46,1.95,84.83,64.19,3.67,4.21,5.16,35.12,61.1,1.04,0.49,15.33,12.92,6,Affluent
267069,DUN LAOGHAIRE-GLENAGEARY,"4,516.00",30.16,12.96,1.68,80.52,69.75,5.32,4.87,8.3,44.84,46.67,3.29,0.52,15.37,12.9,6,Affluent
268148,USHERS A,"5,117.00",12.21,21.3,3.19,78.31,51.3,10.75,6.3,5.88,11.79,78.54,4.96,0.68,15.73,12.23,6,Affluent
267055,CLONSKEAGH-MILLTOWN,"2,252.00",31.84,8.96,1.07,83.79,69.4,2.59,3.63,2.34,69.17,27.97,0.55,0.45,16.23,14.02,6,Affluent
