ED_ID_STR,ED_ENGLISH,COUNTY_ENGLISH,n_small_areas,n_deserts,mean_severity_index,mean_no_car_rate,mean_travel_time_min,deprivation_score,deprivation_category,pct_desert
268119,PRIORSWOOD C,DUBLIN CITY,16,16,0.617970970361348,0.34927940947721486,37.79464469771242,-17.22,Disadvantaged,100.0
268120,PRIORSWOOD D,DUBLIN CITY,9,9,0.5362024631208553,0.3009975871842793,37.12143312140681,-17.65,Disadvantaged,100.0
268122,PRIORSWOOD B,DUBLIN CITY,7,7,0.7147642248129459,0.3349694469207535,44.57941948051948,-28.18,Very Disadvantaged,100.0
268086,KILMORE C,DUBLIN CITY,4,4,0.5764311814859927,0.3141443792128723,37.316718125,-19.15,Disadvantaged,100.0
268091,KIMMAGE B,DUBLIN CITY,14,14,0.5173133808943796,0.2923121890438797,36.53084394557823,-7.52,Marginally Below Average,100.0
268090,KIMMAGE A,DUBLIN CITY,7,7,0.5576532683719042,0.3242958703679806,36.10523290545204,-9.39,Marginally Below Average,100.0
268089,KILMORE B,DUBLIN CITY,11,11,0.4620104824124312,0.3551475613439696,32.64540761600973,-17.55,Disadvantaged,100.0
268093,KIMMAGE D,DUBLIN CITY,10,10,0.4423365814047909,0.2602097652277424,36.257611140692646,1.69,Marginally Above Average,100.0
268055,CRUMLIN E,DUBLIN CITY,10,10,0.46954933008526184,0.342868182989087,33.028154495397374,-7.94,Marginally Below Average,100.0
268038,CHERRY ORCHARD A,DUBLIN CITY,5,5,0.3164433617539586,0.24404117785216242,32.63016274731183,-16.53,Disadvantaged,100.0
268054,CRUMLIN D,DUBLIN CITY,18,17,0.3449666170433527,0.2880492045915709,31.83460754262199,-2.72,Marginally Below Average,94.44444444444444
268056,CRUMLIN F,DUBLIN CITY,11,10,0.22563946406820945,0.22025995241915358,31.591475166184786,1.3,Marginally Above Average,90.9090909090909
267067,DUN LAOGHAIRE-EAST CENTRAL,DUN LAOGHAIRE/RATHDOWN,11,10,0.4765529841656516,0.30011058576349964,35.21675691691692,9.63,Marginally Above Average,90.9090909090909
267070,DUN LAOGHAIRE-MONKSTOWN FARM,DUN LAOGHAIRE/RATHDOWN,8,7,0.4289357490864799,0.23722751305246265,36.75799186716792,2.94,Marginally Above Average,87.5
268040,CHERRY ORCHARD C,DUBLIN CITY,12,10,0.3549786845310597,0.28937810170604866,32.18553529330573,-15.62,Disadvantaged,83.33333333333333
267071,DUN LAOGHAIRE-MOUNT TOWN,DUN LAOGHAIRE/RATHDOWN,6,5,0.4949079713087021,0.2654281773532338,38.28491254849052,-5.24,Marginally Below Average,83.33333333333333
268062,EDENMORE,DUBLIN CITY,10,8,0.3967316280958181,0.27555786250178765,34.184407275953866,-11.79,Disadvantaged,80.0
268092,KIMMAGE C,DUBLIN CITY,15,12,0.3086006225470293,0.2727922376037322,31.828280835978838,9.4,Marginally Above Average,80.0
268094,KIMMAGE E,DUBLIN CITY,14,11,0.40902499854996804,0.2521261844458841,36.685799441048786,-2.43,Marginally Below Average,78.57142857142857
268069,FINGLAS SOUTH D,DUBLIN CITY,9,7,0.2651351107502143,0.22142927248540767,32.89602408217232,-17.44,Disadvantaged,77.77777777777777
268136,RATHMINES WEST E,DUBLIN CITY,17,13,0.3180244083016885,0.28288197865430753,31.54633598283525,15.15,Affluent,76.47058823529412
267074,DUN LAOGHAIRE-SALLYNOGGIN WEST,DUN LAOGHAIRE/RATHDOWN,12,9,0.485053796183516,0.22867958759713802,43.45144787545788,9.02,Marginally Above Average,75.0
267077,DUN LAOGHAIRE-WEST CENTRAL,DUN LAOGHAIRE/RATHDOWN,12,9,0.39473372580863436,0.34724997500676347,32.019443100979764,5.14,Marginally Above Average,75.0
268145,TERENURE B,DUBLIN CITY,15,11,0.2634524292867776,0.2012692260001615,34.1294758209425,10.72,Affluent,73.33333333333333
268144,TERENURE A,DUBLIN CITY,15,11,0.2470496684260387,0.2107778895505651,33.13484196638655,12.01,Affluent,73.33333333333333
267057,CLONSKEAGH-FARRANBOLEY,DUN LAOGHAIRE/RATHDOWN,7,5,0.23742822342091524,0.2354380599890367,31.34851783084083,4.04,Marginally Above Average,71.42857142857143
267003,BALBRIGGAN URBAN,FINGAL,27,18,0.4913647915068946,0.20595982534022259,47.4283366094808,-4.7,Marginally Below Average,66.66666666666667
267073,DUN LAOGHAIRE SALLYNOGGIN SOUTH,DUN LAOGHAIRE/RATHDOWN,6,4,0.5235992691839221,0.22943399871512038,44.14397123456789,-2.12,Marginally Below Average,66.66666666666667
267069,DUN LAOGHAIRE-GLENAGEARY,DUN LAOGHAIRE/RATHDOWN,15,10,0.4344227906347273,0.21668770708803722,41.81691655210704,15.37,Affluent,66.66666666666667
268068,FINGLAS SOUTH C,DUBLIN CITY,9,6,0.24069562863716332,0.2698712347805683,30.00503530864198,-25.05,Very Disadvantaged,66.66666666666667
267025,BLACKROCK-TEMPLEHILL,DUN LAOGHAIRE/RATHDOWN,11,7,0.22671907872882294,0.21668797567848833,33.330222250959096,8.16,Marginally Above Average,63.63636363636363
267044,CHURCHTOWN-NUTGROVE,DUN LAOGHAIRE/RATHDOWN,11,7,0.28815561215074,0.18278939099926383,35.76008105107014,-0.04,Marginally Below Average,63.63636363636363
268075,GRANGE E,DUBLIN CITY,11,7,0.3029011183700587,0.21905146222943908,34.780934447581416,-7.6,Marginally Below Average,63.63636363636363
267068,DUN LAOGHAIRE-GLASTHULE,DUN LAOGHAIRE/RATHDOWN,11,7,0.3842597718967999,0.18053693349216723,40.71150624504669,6.17,Marginally Above Average,63.63636363636363
267048,CLONDALKIN-CAPPAGHMORE,SOUTH DUBLIN,8,5,0.23024512789281362,0.20363437057524655,34.28501162809375,-15.86,Disadvantaged,62.5
268013,BALLYGALL B,DUBLIN CITY,8,5,0.19890631343889564,0.21732945645470317,31.27304228609626,-3.31,Marginally Below Average,62.5
267051,CLONDALKIN-MOORFIELD,SOUTH DUBLIN,21,13,0.22215455406685614,0.21366353397370888,33.42943122393673,-15.18,Disadvantaged,61.904761904761905
267064,DALKEY-COLIEMORE,DUN LAOGHAIRE/RATHDOWN,5,3,0.4051766138855054,0.20803263695148044,39.23233618248035,3.23,Marginally Above Average,60.0
267121,SHANKILL-RATHSALLAGH,DUN LAOGHAIRE/RATHDOWN,10,6,0.3390276086073894,0.16736128842285541,42.09189509882298,-5.04,Marginally Below Average,60.0
267052,CLONDALKIN-ROWLAGH,SOUTH DUBLIN,12,7,0.21801833807010415,0.2537503863153585,30.217614755962995,-22.5,Very Disadvantaged,58.333333333333336
268072,GRANGE B,DUBLIN CITY,24,14,0.283986331032616,0.19410968464404765,36.03244622728319,5.26,Marginally Above Average,58.333333333333336
268063,FINGLAS NORTH A,DUBLIN CITY,12,7,0.16545709838949788,0.25231585891630687,28.830217193732196,-19.48,Disadvantaged,58.333333333333336
268051,CRUMLIN A,DUBLIN CITY,14,8,0.2597732150107302,0.290903375563838,30.049938846117886,-6.74,Marginally Below Average,57.142857142857146
268125,RAHENY-GREENDALE,DUBLIN CITY,9,5,0.1556367573419948,0.1883282373622682,32.30875304041101,-5.4,Marginally Below Average,55.55555555555556
268076,HARMONSTOWN A,DUBLIN CITY,11,6,0.12164581257151293,0.19019124722818317,30.63583906980184,-3.86,Marginally Below Average,54.54545454545455
268023,BEAUMONT C,DUBLIN CITY,13,7,0.17426371841718977,0.2181179843582305,30.706690791229626,0.31,Marginally Above Average,53.84615384615385
267001,AIRPORT,FINGAL,15,8,0.21236973880092028,0.20137028782448327,32.82800006236029,6.69,Marginally Above Average,53.333333333333336
268127,RATHFARNHAM,DUBLIN CITY,20,10,0.21907226958993092,0.19243620497580793,34.13841147981267,11.89,Affluent,50.0
268087,KILMORE D,DUBLIN CITY,8,4,0.27184835566382454,0.17862030150243524,35.77733636146757,-11.84,Disadvantaged,50.0
267037,CABINTEELY-KILBOGGET,DUN LAOGHAIRE/RATHDOWN,8,4,0.24095361347949654,0.1430965142290703,38.865989778003154,-5.48,Marginally Below Average,50.0
268088,KILMORE A,DUBLIN CITY,12,6,0.12036473135742319,0.19009389968415166,32.027813447043535,-1.31,Marginally Below Average,50.0
268053,CRUMLIN C,DUBLIN CITY,10,5,0.24313844904587895,0.28724780666093086,29.61345901587302,-1.63,Marginally Below Average,50.0
267097,KILLINEY SOUTH,DUN LAOGHAIRE/RATHDOWN,20,10,0.35203511977263496,0.15401928065189482,44.542523606705615,-4.84,Marginally Below Average,50.0
268014,BALLYGALL D,DUBLIN CITY,10,5,0.08252131546894033,0.182616189275502,30.109978066496165,0.04,Marginally Above Average,50.0
268017,BALLYMUN C,DUBLIN CITY,20,10,0.22799939098660169,0.27621635881756673,29.797298906269173,-15.85,Disadvantaged,50.0
267155,TERENURE-CHERRYFIELD,SOUTH DUBLIN,10,5,0.18265326837190415,0.20348022353234643,32.04802849742221,1.34,Marginally Above Average,50.0
268154,WALKINSTOWN A,DUBLIN CITY,10,5,0.09870077141697112,0.19867532604143448,29.580300760233918,-2.44,Marginally Below Average,50.0
267156,TERENURE-GREENTREES,SOUTH DUBLIN,11,5,0.02496954933008524,0.12965319205726977,31.89775632198211,4.41,Marginally Above Average,45.45454545454545
267126,STILLORGAN-LEOPARDSTOWN,DUN LAOGHAIRE/RATHDOWN,11,5,-0.013822758646144734,0.15108980331856342,37.12733166994621,11.47,Affluent,45.45454545454545
268156,WALKINSTOWN C,DUBLIN CITY,11,5,0.19293729007492708,0.1781463066213029,33.593711740522146,0.57,Marginally Above Average,45.45454545454545
267075,DUN LAOGHAIRE-SALTHILL,DUN LAOGHAIRE/RATHDOWN,9,4,0.23640997879731135,0.23009786503935775,32.330589042720675,10.52,Affluent,44.44444444444444
268135,RATHMINES WEST D,DUBLIN CITY,16,7,0.29147000609013396,0.36804221296079814,29.13167491318039,12.09,Affluent,43.75
267018,BLACKROCK-SEAPOINT,DUN LAOGHAIRE/RATHDOWN,7,3,0.1234992169827736,0.11691517117213711,35.3796875189612,11.43,Affluent,42.857142857142854
268155,WALKINSTOWN B,DUBLIN CITY,7,3,0.06673046807029757,0.19492712481479174,28.828592796601896,0.35,Marginally Above Average,42.857142857142854
267049,CLONDALKIN-DUNAWLEY,SOUTH DUBLIN,38,16,0.21942645896104448,0.16769747690733972,34.95016618685472,-12.15,Disadvantaged,42.10526315789474
268021,BEAUMONT A,DUBLIN CITY,12,5,0.02447895520368111,0.1808019851819088,28.78856645981087,0.89,Marginally Above Average,41.666666666666664
268022,BEAUMONT B,DUBLIN CITY,15,6,0.17399512789281363,0.1515653299995994,34.51860357319224,-3.12,Marginally Below Average,40.0
267135,SWORDS VILLAGE,FINGAL,10,4,0.06669711733658137,0.1999419249947732,29.179328067509555,-0.02,Marginally Below Average,40.0
267157,TERENURE-St. JAMES,SOUTH DUBLIN,10,4,0.17569021518473404,0.16781814550313806,33.028009925351014,-8.22,Marginally Below Average,40.0
267059,CLONSKEAGH-WINDY ARBOUR,DUN LAOGHAIRE/RATHDOWN,10,4,0.07970970361347948,0.15275611966682331,31.65695746786547,11.29,Affluent,40.0
268008,AYRFIELD,DUBLIN CITY,18,7,0.33706072089141514,0.1558581568417413,42.24623961406617,-6.17,Marginally Below Average,38.888888888888886
268134,RATHMINES WEST C,DUBLIN CITY,13,5,0.19118335988007118,0.30876021796377773,29.023108746308694,14.28,Affluent,38.46153846153846
267004,BALDOYLE,FINGAL,29,11,0.28310372828202224,0.13749844065750796,41.5973606079744,3.19,Marginally Above Average,37.93103448275862
267129,STILLORGAN-PRIORY,DUN LAOGHAIRE/RATHDOWN,8,3,0.06314707673568816,0.11499444793552027,35.530622302336035,11.38,Affluent,37.5
268073,GRANGE C,DUBLIN CITY,11,4,0.10346768537998742,0.2011418608132466,29.565327157287154,-13.84,Disadvantaged,36.36363636363637
268052,CRUMLIN B,DUBLIN CITY,11,4,0.24748089912523524,0.30605466953209787,28.847927371906113,-6.45,Marginally Below Average,36.36363636363637
268074,GRANGE D,DUBLIN CITY,14,5,0.0867554086189896,0.16433124424846515,31.265958343685316,-4.38,Marginally Below Average,35.714285714285715
268037,CHAPELIZOD,DUBLIN CITY,12,4,0.08461056976586821,0.22134558960403414,28.62662609840341,7.66,Marginally Above Average,33.333333333333336
267072,DUN LAOGHAIRE SALLYNOGGIN EAST,DUN LAOGHAIRE/RATHDOWN,9,3,0.35477286055848783,0.15097717469287586,46.38067245632578,1.07,Marginally Above Average,33.333333333333336
268147,TERENURE D,DUBLIN CITY,3,1,-0.2519623765056165,0.06824042345106644,29.875544444444444,13.5,Affluent,33.333333333333336
267015,BALLYBRACK,DUN LAOGHAIRE/RATHDOWN,9,3,0.15812920106464565,0.10245279295834141,39.799764571384344,-2.03,Marginally Below Average,33.333333333333336
268123,PRIORSWOOD E,DUBLIN CITY,9,3,0.38337393422655297,0.1551784359811695,43.54770628005199,-11.71,Disadvantaged,33.333333333333336
267060,DALKEY HILL,DUN LAOGHAIRE/RATHDOWN,6,2,0.20332588983624303,0.14631133577513356,39.48796640470258,6.72,Marginally Above Average,33.333333333333336
268020,BALLYMUN F,DUBLIN CITY,9,3,-0.02602968376415392,0.13412475779207936,30.069785012025015,-0.02,Marginally Below Average,33.333333333333336
268129,RATHMINES EAST B,DUBLIN CITY,25,8,0.0702923264311815,0.2070250285749897,28.921934907802697,13.88,Affluent,32.0
267012,BALLINTEER-MEADOWMOUNT,DUN LAOGHAIRE/RATHDOWN,7,2,0.2044254973609419,0.1480042791639302,36.02191722943723,0.43,Marginally Above Average,28.571428571428573
267045,CHURCHTOWN-ORWELL,DUN LAOGHAIRE/RATHDOWN,7,2,0.03378574328635227,0.0992251247862074,35.212710687708295,8.69,Marginally Above Average,28.571428571428573
267133,SWORDS-LISSENHALL,FINGAL,35,10,0.15248535467780294,0.10565826514106515,41.35418666171923,3.54,Marginally Above Average,28.571428571428573
267024,BLACKROCK-STRADBROOK,DUN LAOGHAIRE/RATHDOWN,7,2,0.16546314018908412,0.1418193648940833,34.952766884699436,6.18,Marginally Above Average,28.571428571428573
267056,CLONSKEAGH-BELFIELD,DUN LAOGHAIRE/RATHDOWN,11,3,0.28103200088583763,0.37193616268073754,30.285228593628595,7.28,Marginally Above Average,27.272727272727273
268067,FINGLAS SOUTH B,DUBLIN CITY,15,4,0.12014480985248341,0.28724480917096684,26.48265426086957,-14.17,Disadvantaged,26.666666666666668
267002,BALBRIGGAN RURAL,FINGAL,53,14,0.3120485065765786,0.11242572519985405,52.771091016850306,-0.17,Marginally Below Average,26.41509433962264
268132,RATHMINES WEST A,DUBLIN CITY,24,6,0.27634405873595885,0.47232687832155446,26.28501204793028,13.7,Affluent,25.0
267019,BLACKROCK-BOOTERSTOWN,DUN LAOGHAIRE/RATHDOWN,12,3,-0.027008052510488545,0.1382512468210471,30.348003190972126,15.12,Affluent,25.0
267117,RATHFARNHAM VILLAGE,SOUTH DUBLIN,12,3,0.11880836378400321,0.1069101422328048,37.08182074879227,12.08,Affluent,25.0
267095,HOWTH,FINGAL,30,7,0.19043172283123558,0.0829392536936172,48.88966987301588,6.99,Marginally Above Average,23.333333333333332
267017,BLACKROCK-MONKSTOWN,DUN LAOGHAIRE/RATHDOWN,13,3,0.11301102470408193,0.1127370476467282,35.963716590009604,12.45,Affluent,23.076923076923077
268041,CLONTARF EAST A,DUBLIN CITY,13,3,0.042248352540679004,0.20550696629620388,28.83795104326864,5.41,Marginally Above Average,23.076923076923077
267053,CLONDALKIN VILLAGE,SOUTH DUBLIN,31,7,0.06556716828415386,0.12061077478391195,34.21055023454339,-2.61,Marginally Below Average,22.580645161290324
267123,SKERRIES,FINGAL,32,7,0.3074439200162403,0.1032534363932366,58.212992355889725,5.15,Marginally Above Average,21.875
268042,CLONTARF EAST B,DUBLIN CITY,28,6,0.04746679426947394,0.1357297483433472,33.11433066683317,10.28,Affluent,21.428571428571427
268137,RATHMINES WEST F,DUBLIN CITY,14,3,0.2792688939156661,0.3559360193267939,28.467118394311537,12.73,Affluent,21.428571428571427
267138,TALLAGHT-FETTERCAIRN,SOUTH DUBLIN,33,7,0.037595811956347876,0.2037748278549309,28.61269751340637,-7.46,Marginally Below Average,21.21212121212121
268077,HARMONSTOWN B,DUBLIN CITY,10,2,0.024279334145351182,0.19381141602562693,28.129046578329884,-0.46,Marginally Below Average,20.0
267036,CABINTEELY-GRANITEFIELD,DUN LAOGHAIRE/RATHDOWN,10,2,0.2674583840844499,0.11585176041136411,42.205515882503185,6.27,Marginally Above Average,20.0
268121,PRIORSWOOD A,DUBLIN CITY,5,1,0.3763296792529435,0.13068411603777458,49.7065277631579,-12.54,Disadvantaged,20.0
268118,PHOENIX PARK,DUBLIN CITY,5,1,0.1216199756394641,0.3592390942914173,24.337344078431375,7.03,Marginally Above Average,20.0
267131,SWORDS-GLASMORE,FINGAL,25,5,0.0606414941128705,0.09772705002949404,36.80104190675382,-0.58,Marginally Below Average,20.0
268065,FINGLAS NORTH C,DUBLIN CITY,15,3,-0.03032886723507915,0.18278243634611652,27.204487980425373,-1.55,Marginally Below Average,20.0
267076,DUN LAOGHAIRE-SANDYCOVE,DUN LAOGHAIRE/RATHDOWN,15,3,0.19847069968872647,0.13518724691989228,40.689382254739584,9.45,Marginally Above Average,20.0
267038,CABINTEELY-LOUGHLINSTOWN,DUN LAOGHAIRE/RATHDOWN,15,3,-0.07640411422384626,0.11296941193818108,31.10699995602199,13.22,Affluent,20.0
267026,BLACKROCK-WILLIAMSTOWN,DUN LAOGHAIRE/RATHDOWN,10,2,0.06349979699553392,0.16766706102468626,30.76860827055694,10.65,Affluent,20.0
267065,DONABATE,FINGAL,37,7,0.1809318453654629,0.08274066705870035,48.32171088803089,8.5,Marginally Above Average,18.91891891891892
267039,CABINTEELY-POTTERY,DUN LAOGHAIRE/RATHDOWN,16,3,0.22900806942752738,0.11308298790933065,42.0961830372807,6.37,Marginally Above Average,18.75
267120,SHANKILL-RATHMICHAEL,DUN LAOGHAIRE/RATHDOWN,16,3,0.09151695087291921,0.07442438153797674,44.78550424109734,5.76,Marginally Above Average,18.75
267122,SHANKILL-SHANGANAGH,DUN LAOGHAIRE/RATHDOWN,16,3,0.12739164636622002,0.07722320635669454,41.807607772209394,5.76,Marginally Above Average,18.75
268113,PEMBROKE EAST D,DUBLIN CITY,16,3,0.03400959196102315,0.26851897164559796,26.272028701374694,6.54,Marginally Above Average,18.75
268071,GRANGE A,DUBLIN CITY,38,7,0.22254097484881508,0.12097177626626085,41.382500683749164,3.18,Marginally Above Average,18.42105263157895
267005,BALGRIFFIN,FINGAL,11,2,0.14361643228878307,0.07873098986784967,45.05105858225109,1.45,Marginally Above Average,18.181818181818183
267058,CLONSKEAGH-ROEBUCK,DUN LAOGHAIRE/RATHDOWN,11,2,0.08110951168198426,0.10582416766482122,35.607470731490736,12.89,Affluent,18.181818181818183
267111,PORTMARNOCK SOUTH,FINGAL,17,3,0.06042368226218626,0.09022732959156296,38.91943861811392,8.18,Marginally Above Average,17.647058823529413
268061,DRUMFINN,DUBLIN CITY,12,2,0.07907869806469074,0.2922179738678648,25.256719964157707,-13.47,Disadvantaged,16.666666666666668
268019,BALLYMUN E,DUBLIN CITY,6,1,-0.016663283258898397,0.10563784622239529,32.21708,4.6,Marginally Above Average,16.666666666666668
268026,BEAUMONT F,DUBLIN CITY,12,2,-0.07236263364460684,0.14279799673176236,28.72956821428571,4.02,Marginally Above Average,16.666666666666668
268033,CABRA WEST A,DUBLIN CITY,6,1,0.16143930166463663,0.3002394317181968,27.162025244942907,-14.39,Disadvantaged,16.666666666666668
267046,CHURCHTOWN-WOODLAWN,DUN LAOGHAIRE/RATHDOWN,6,1,-0.2118351603735282,0.09382191561331814,28.75716103463788,12.55,Affluent,16.666666666666668
267114,RATHFARNHAM-BUTTERFIELD,SOUTH DUBLIN,12,2,-0.020114359182568684,0.0738102840531945,35.32853792290439,8.34,Marginally Above Average,16.666666666666668
267148,TALLAGHT-TYMON,SOUTH DUBLIN,18,3,-0.13651486443812874,0.17849303145047968,24.79618180911681,-13.24,Disadvantaged,16.666666666666668
267105,MALAHIDE EAST,FINGAL,31,5,0.14168402027425245,0.08519912406041388,43.05750497276918,9.61,Marginally Above Average,16.129032258064516
267101,LUCAN HEIGHTS,SOUTH DUBLIN,19,3,-0.09237771652028974,0.09827947345962139,31.663063797521133,1.75,Marginally Above Average,15.789473684210526
267083,EDMONDSTOWN,SOUTH DUBLIN,19,3,0.0716498920870996,0.08498785349828475,38.304582770462744,1.55,Marginally Above Average,15.789473684210526
267021,BLACKROCK-CENTRAL,DUN LAOGHAIRE/RATHDOWN,13,2,0.1384724694712514,0.1401489896631913,36.18287264505686,13.4,Affluent,15.384615384615385
267022,BLACKROCK-GLENOMENA,DUN LAOGHAIRE/RATHDOWN,7,1,-0.09803665680644975,0.12950094810303941,29.868145311912006,12.11,Affluent,14.285714285714286
268146,TERENURE C,DUBLIN CITY,7,1,-0.12494924888347543,0.07134172321757351,32.4322913552526,11.79,Affluent,14.285714285714286
267023,BLACKROCK-NEWPARK,DUN LAOGHAIRE/RATHDOWN,7,1,-0.04933008526187579,0.08136557310911553,33.38651109547267,5.84,Marginally Above Average,14.285714285714286
267098,KILSALLAGHAN,FINGAL,7,1,0.19326025172553793,0.07053313923584943,63.94485604010025,-3.29,Marginally Below Average,14.285714285714286
268126,RAHENY-St. ASSAM,DUBLIN CITY,15,2,0.07324401136825008,0.13646355215828737,35.078539296066246,10.01,Affluent,13.333333333333334
267108,PALMERSTON VILLAGE,SOUTH DUBLIN,16,2,-0.21128324198132356,0.14909572269020163,24.28141264365624,-1.41,Marginally Below Average,12.5
267154,TEMPLEOGUE VILLAGE,SOUTH DUBLIN,8,1,-0.11642306130734875,0.1181353460150994,29.31063333333333,10.47,Affluent,12.5
267140,TALLAGHT-JOBSTOWN,SOUTH DUBLIN,56,7,-0.08821087813931908,0.18462340298773233,26.54039461509197,-8.15,Marginally Below Average,12.5
267115,RATHFARNHAM-HERMITAGE,SOUTH DUBLIN,17,2,0.01574478756179696,0.06845795747307974,37.726016673427985,9.56,Marginally Above Average,11.764705882352942
268095,KYLEMORE,DUBLIN CITY,9,1,0.0813371227500338,0.3371735322184539,23.178336581550493,-15.16,Disadvantaged,11.11111111111111
268124,RAHENY-FOXFIELD,DUBLIN CITY,9,1,0.07578833401001485,0.14773409479878513,32.425628341384865,-1.75,Marginally Below Average,11.11111111111111
267020,BLACKROCK-CARYSFORT,DUN LAOGHAIRE/RATHDOWN,19,2,-0.07939611513558559,0.10883892315025216,32.06815272696727,11.11,Affluent,10.526315789473685
267034,BLANCHARDSTOWN-TYRRELSTOWN,FINGAL,10,1,-0.0033698741372310188,0.2152280907563089,26.30206835130719,-11.6,Disadvantaged,10.0
267113,RATHFARNHAM-BALLYROAN,SOUTH DUBLIN,10,1,-0.11973203410475028,0.07772640897165731,31.820562095238095,7.84,Marginally Above Average,10.0
268039,CARNA,DUBLIN CITY,10,1,0.17415753146569218,0.31044716384506044,27.57969024270354,-16.67,Disadvantaged,10.0
267109,PALMERSTON WEST,SOUTH DUBLIN,20,2,-0.15805420219244823,0.14833752730950678,26.456591372862523,-10.14,Disadvantaged,10.0
268159,WHITEHALL C,DUBLIN CITY,10,1,-0.019803085667884687,0.23630022194802228,25.580684772256728,4.98,Marginally Above Average,10.0
267118,RUSH,FINGAL,31,3,0.26203620028027713,0.08232824343110959,58.597657127102295,1.74,Marginally Above Average,9.67741935483871
267106,MALAHIDE WEST,FINGAL,21,2,0.02263983140962435,0.0673356017433853,38.29337423102575,9.0,Marginally Above Average,9.523809523809524
268157,WHITEHALL A,DUBLIN CITY,11,1,-0.2597626693241797,0.18862808227522904,23.358879172942032,6.92,Marginally Above Average,9.090909090909092
267103,LUCAN-St. HELENS,SOUTH DUBLIN,56,5,-0.004968171799779595,0.07670192055873915,35.803419751896016,8.53,Marginally Above Average,8.928571428571429
268006,ASHTOWN A,DUBLIN CITY,45,4,-0.11608697613569721,0.17664360372576696,25.933401519078078,9.6,Marginally Above Average,8.88888888888889
268070,GRACE PARK,DUBLIN CITY,23,2,-0.09114900527811612,0.17961994291231137,26.716728258039907,6.31,Marginally Above Average,8.695652173913043
268064,FINGLAS NORTH B,DUBLIN CITY,12,1,0.13997157937474622,0.3278045598918084,25.481497179951692,-15.75,Disadvantaged,8.333333333333334
267050,CLONDALKIN-MONASTERY,SOUTH DUBLIN,36,3,-0.014895452699959384,0.14751959732378184,30.201819533372813,-1.91,Marginally Below Average,8.333333333333334
267127,STILLORGAN-MERVILLE,DUN LAOGHAIRE/RATHDOWN,12,1,-0.27337934767898225,0.12788428868833573,24.698580294899074,11.53,Affluent,8.333333333333334
268012,BALLYGALL A,DUBLIN CITY,12,1,-0.04302848829340911,0.21991907550956413,25.43122722603611,-6.67,Marginally Below Average,8.333333333333334
267151,TEMPLEOGUE-LIMEKILN,SOUTH DUBLIN,13,1,-0.11023142509135199,0.12244948774619716,29.14964152191894,0.33,Marginally Above Average,7.6923076923076925
268011,BALLYGALL C,DUBLIN CITY,13,1,-0.043802117492738685,0.1572306062805771,28.563518761558523,0.84,Marginally Above Average,7.6923076923076925
267032,BLANCHARDSTOWN-MULHUDDART,FINGAL,13,1,-0.26545176301570944,0.16178907333675008,22.32751119000657,-4.36,Marginally Below Average,7.6923076923076925
267080,DUNDRUM-SANDYFORD,DUN LAOGHAIRE/RATHDOWN,27,2,-0.06141636967865146,0.12396824629136384,31.330717497346516,7.63,Marginally Above Average,7.407407407407407
267116,RATHFARNHAM-St. ENDA'S,SOUTH DUBLIN,15,1,0.05584652862362972,0.08567954549365225,36.64803112523226,5.52,Marginally Above Average,6.666666666666667
267150,TEMPLEOGUE-KIMMAGE MANOR,SOUTH DUBLIN,17,1,-0.06107449069761889,0.07420058733541486,34.130633717890255,11.3,Affluent,5.882352941176471
267119,SAGGART,SOUTH DUBLIN,17,1,0.1269136156289556,0.07822023767014734,42.030501232492995,2.91,Marginally Above Average,5.882352941176471
268110,PEMBROKE EAST A,DUBLIN CITY,18,1,0.05844836919745568,0.3679679187740764,21.96877190105446,0.03,Marginally Above Average,5.555555555555555
268030,CABRA EAST A,DUBLIN CITY,19,1,-0.1638619997008355,0.2813842655075612,19.00619494364205,9.18,Marginally Above Average,5.2631578947368425
267130,SUTTON,FINGAL,22,1,0.04202192448233861,0.09211112386584075,35.17175338661338,4.77,Marginally Above Average,4.545454545454546
267100,LUCAN-ESKER,SOUTH DUBLIN,94,4,-0.15320574286676858,0.05707036581305488,33.44299005969199,6.45,Marginally Above Average,4.25531914893617
267134,SWORDS-SEATOWN,FINGAL,24,1,-0.07443497090269317,0.07098817095041156,34.292563249475414,7.4,Marginally Above Average,4.166666666666667
267078,DUNDRUM-BALALLY,DUN LAOGHAIRE/RATHDOWN,27,1,-0.07729958947985743,0.21127919319603417,28.32423583545759,8.21,Marginally Above Average,3.7037037037037037
267104,LUSK,FINGAL,28,1,0.11528116118554603,0.05575249309176009,48.45555927951749,2.77,Marginally Above Average,3.5714285714285716
267158,THE WARD,FINGAL,34,1,-0.273312674643548,0.05887384947905299,30.56226138653014,5.53,Marginally Above Average,2.9411764705882355
267099,KINSALEY,FINGAL,36,1,-0.1680736003969865,0.07887029811224834,32.06673642857143,7.14,Marginally Above Average,2.7777777777777777
267092,GLENCULLEN,DUN LAOGHAIRE/RATHDOWN,69,1,-0.42236108904540826,0.09268311054207237,22.49797537081388,11.63,Affluent,1.4492753623188406
267028,BLANCHARDSTOWN-BLAKESTOWN,FINGAL,137,1,-0.3822774137527376,0.0708737277742871,25.96817258954773,3.06,Marginally Above Average,0.7299270072992701
267144,TALLAGHT-KINGSWOOD,SOUTH DUBLIN,15,0,-0.3951211259981053,0.12096397268291605,20.165158787878788,-5.2,Marginally Below Average,0.0
268160,WHITEHALL D,DUBLIN CITY,10,0,-0.09267153877385305,0.2285103704322069,23.859830649024634,1.79,Marginally Above Average,0.0
268161,WOOD QUAY A,DUBLIN CITY,12,0,0.05542021924482334,0.595076870421768,16.00814329598506,-7.74,Marginally Below Average,0.0
268115,PEMBROKE WEST A,DUBLIN CITY,17,0,-0.04350266294093766,0.33442868421720223,20.185406535997124,12.27,Affluent,0.0
268116,PEMBROKE WEST B,DUBLIN CITY,11,0,-0.1078045989739047,0.26673847826393243,22.592734608161244,15.33,Affluent,0.0
268117,PEMBROKE WEST C,DUBLIN CITY,22,0,-0.006989812866792164,0.32816085823657437,22.141264124911213,13.82,Affluent,0.0
267016,BALSCADDEN,FINGAL,2,0,0.0231932602517255,0.0074074074074074,86.72815444444441,2.51,Marginally Above Average,0.0
268153,USHERS F,DUBLIN CITY,11,0,0.037869560403056085,0.33770884887132097,22.541744784569605,1.93,Marginally Above Average,0.0
268158,WHITEHALL B,DUBLIN CITY,18,0,-0.026852979654441292,0.2068927978302206,26.56463452012263,3.03,Marginally Above Average,0.0
267145,TALLAGHT-MILLBROOK,SOUTH DUBLIN,12,0,-0.3387806198403031,0.1601157365310663,19.49245666666667,-11.09,Disadvantaged,0.0
268133,RATHMINES WEST B,DUBLIN CITY,18,0,0.07920557585600213,0.4164617266509603,22.05060212944173,12.58,Affluent,0.0
268138,ROTUNDA A,DUBLIN CITY,20,0,-0.0680115712545676,0.5208032695434934,9.935717090648073,0.74,Marginally Above Average,0.0
268143,SOUTH DOCK,DUBLIN CITY,30,0,0.06101299228583026,0.5124862184185097,18.254137375997054,11.48,Affluent,0.0
268142,SAINT KEVIN'S,DUBLIN CITY,23,0,0.033901745838408416,0.4799713614308034,18.5722306296976,8.54,Marginally Above Average,0.0
268141,ROYAL EXCHANGE B,DUBLIN CITY,7,0,-0.05267965895249695,0.4959566113556125,14.885656731474642,-4.34,Marginally Below Average,0.0
268140,ROYAL EXCHANGE A,DUBLIN CITY,16,0,-0.028192245229395063,0.5137312492254837,13.286833955467586,5.86,Marginally Above Average,0.0
268139,ROTUNDA B,DUBLIN CITY,9,0,-0.31795010601344337,0.26607919193075397,9.055559291465377,3.5,Marginally Above Average,0.0
268015,BALLYMUN A,DUBLIN CITY,19,0,-0.21262580934675296,0.21186403723869002,21.107489501531607,-7.27,Marginally Below Average,0.0
268016,BALLYMUN B,DUBLIN CITY,15,0,0.08916632832588983,0.3766674579450458,23.043251987231862,-21.58,Very Disadvantaged,0.0
268018,BALLYMUN D,DUBLIN CITY,8,0,0.04422959805115712,0.2865077746860341,24.68594841779515,-20.49,Very Disadvantaged,0.0
267147,TALLAGHT-SPRINGFIELD,SOUTH DUBLIN,29,0,-0.2592332031304688,0.23432209590024206,16.975687545685204,-5.34,Marginally Below Average,0.0
267149,TEMPLEOGUE-CYPRESS,SOUTH DUBLIN,9,0,-0.2758492353498443,0.050134018448106055,30.337074320987654,7.85,Marginally Above Average,0.0
267159,TIBRADDEN,DUN LAOGHAIRE/RATHDOWN,1,0,0.0139058059277304,0.0069930069930069,98.48885333333332,2.96,Marginally Above Average,0.0
267153,TEMPLEOGUE-OSPREY,SOUTH DUBLIN,8,0,-0.2943057247259439,0.05281435551020805,29.517084682539682,2.97,Marginally Above Average,0.0
267152,TEMPLEOGUE-ORWELL,SOUTH DUBLIN,8,0,-0.3233861144945189,0.04037162734352121,30.065428920890934,5.34,Marginally Above Average,0.0
268002,ARRAN QUAY B,DUBLIN CITY,18,0,0.00647358686335542,0.4405192863614118,18.091569917008144,5.91,Marginally Above Average,0.0
268001,ARRAN QUAY A,DUBLIN CITY,7,0,-0.06889101560234323,0.4038335161449472,14.024592740464582,7.21,Marginally Above Average,0.0
267132,SWORDS-FORREST,FINGAL,51,0,-0.17583968219849855,0.07735673407288238,31.75867279733224,5.61,Marginally Above Average,0.0
267160,TURNAPIN,FINGAL,6,0,-0.18047097036134793,0.10895557071051498,27.71734513227513,2.98,Marginally Above Average,0.0
267141,TALLAGHT-KILLINARDAN,SOUTH DUBLIN,11,0,-0.04706012623186797,0.26233290725016345,22.706080973470975,-26.09,Very Disadvantaged,0.0
267139,TALLAGHT-GLENVIEW,SOUTH DUBLIN,7,0,-0.27025694565280434,0.187118953086169,19.64606753246753,-3.39,Marginally Below Average,0.0
267137,TALLAGHT-BELGARD,SOUTH DUBLIN,5,0,-0.4226552984165652,0.06356320197715978,25.584677128205136,-7.83,Marginally Below Average,0.0
267136,TALLAGHT-AVONBEG,SOUTH DUBLIN,7,0,-0.13715851748738467,0.22257095941825006,22.28442614718615,-17.91,Disadvantaged,0.0
268152,USHERS E,DUBLIN CITY,8,0,0.1724522939504669,0.3699459456141082,25.860206091654277,-5.08,Marginally Below Average,0.0
267146,TALLAGHT-OLDBAWN,SOUTH DUBLIN,14,0,-0.5026898091758019,0.108653401023412,18.41984,-6.41,Marginally Below Average,0.0
268150,USHERS C,DUBLIN CITY,16,0,0.07333536337799428,0.4550664801040445,20.063734223633727,-2.13,Marginally Below Average,0.0
268151,USHERS D,DUBLIN CITY,12,0,0.1834991203139802,0.41673683995106114,24.220672641787967,5.7,Marginally Above Average,0.0
267143,TALLAGHT-KILTIPPER,SOUTH DUBLIN,30,0,-0.23159764514819325,0.13429846435874093,26.035247401565755,-6.85,Marginally Below Average,0.0
267142,TALLAGHT-KILNAMANAGH,SOUTH DUBLIN,14,0,-0.2675163853604779,0.0878943962208109,27.42913670575456,-6.72,Marginally Below Average,0.0
267124,STILLORGAN-DEERPARK,DUN LAOGHAIRE/RATHDOWN,10,0,-0.22980105562322367,0.05929366149571856,30.833832271701766,12.27,Affluent,0.0
267125,STILLORGAN-KILMACUD,DUN LAOGHAIRE/RATHDOWN,16,0,-0.36955694275274054,0.09007023016311448,24.869831535409034,11.05,Affluent,0.0
268025,BEAUMONT E,DUBLIN CITY,8,0,-0.19364088509947217,0.1443879587845105,25.151066352339186,2.04,Marginally Above Average,0.0
268003,ARRAN QUAY C,DUBLIN CITY,18,0,-0.01035322777101095,0.5324827278695801,13.302188896684378,8.13,Marginally Above Average,0.0
268034,CABRA WEST B,DUBLIN CITY,11,0,0.1976709851253091,0.3661252227705681,26.343200750488336,-11.91,Disadvantaged,0.0
268032,CABRA EAST C,DUBLIN CITY,18,0,-0.022223350024811666,0.399621210638402,18.842476911016043,4.97,Marginally Above Average,0.0
268031,CABRA EAST B,DUBLIN CITY,15,0,0.0187237785897956,0.32687880730328955,21.985961362000317,-2.55,Marginally Below Average,0.0
268029,BOTANIC C,DUBLIN CITY,8,0,-0.28989037758830694,0.24175346345815343,14.664022823912333,10.68,Affluent,0.0
268028,BOTANIC B,DUBLIN CITY,13,0,-0.2617274118492145,0.25853813803443826,16.48518491072035,13.39,Affluent,0.0
268027,BOTANIC A,DUBLIN CITY,13,0,-0.09733283363003216,0.23606894873501533,22.662454845535745,8.52,Marginally Above Average,0.0
268045,CLONTARF EAST E,DUBLIN CITY,7,0,-0.3621454672002784,0.09896968469528249,24.24819171519992,10.39,Affluent,0.0
268046,CLONTARF WEST A,DUBLIN CITY,14,0,-0.15744446377820312,0.15933974260300188,25.791252412653733,5.95,Marginally Above Average,0.0
268047,CLONTARF WEST B,DUBLIN CITY,11,0,0.03134573506071678,0.30631791716021667,23.66292743471149,-3.33,Marginally Below Average,0.0
268048,CLONTARF WEST C,DUBLIN CITY,15,0,-0.2511165245635404,0.22234145281320242,19.92890418709374,11.06,Affluent,0.0
268049,CLONTARF WEST D,DUBLIN CITY,10,0,-0.09187982135606984,0.3496821863175593,19.46433155162242,10.33,Affluent,0.0
268050,CLONTARF WEST E,DUBLIN CITY,10,0,-0.17431993503857085,0.1805908812420792,23.672224113871415,8.81,Marginally Above Average,0.0
268024,BEAUMONT D,DUBLIN CITY,7,0,-0.18128298822574093,0.10950949172159853,27.63664618336887,1.61,Marginally Above Average,0.0
268044,CLONTARF EAST D,DUBLIN CITY,9,0,-0.25112780258943473,0.13964515980015854,24.79533333333333,13.15,Affluent,0.0
267110,PORTMARNOCK NORTH,FINGAL,14,0,-0.0009715213734702124,0.03062156413157855,42.94515542980829,4.04,Marginally Above Average,0.0
267112,RATHCOOLE,SOUTH DUBLIN,19,0,0.18075945039211913,0.06528827022593287,53.7205596491228,5.24,Marginally Above Average,0.0
268066,FINGLAS SOUTH A,DUBLIN CITY,11,0,0.10847820470232161,0.2816373520251126,26.224253288439964,-14.71,Disadvantaged,0.0
268035,CABRA WEST C,DUBLIN CITY,12,0,-0.012738530247665457,0.29530446811443334,22.212306974206346,-6.19,Marginally Below Average,0.0
267107,NEWCASTLE,SOUTH DUBLIN,14,0,0.13428020416449157,0.04563917404333073,57.74670234789242,2.39,Marginally Above Average,0.0
267102,LUCAN NORTH,FINGAL,4,0,0.005075111652456329,0.023759188384666775,46.45509500000002,13.27,Affluent,0.0
268036,CABRA WEST D,DUBLIN CITY,12,0,-0.09591961023142509,0.3012320597982111,20.9953215817462,-0.29,Marginally Below Average,0.0
268043,CLONTARF EAST C,DUBLIN CITY,11,0,-0.0736721662422028,0.13667318915484758,29.15992960383051,9.05,Marginally Above Average,0.0
268059,DRUMCONDRA SOUTH B,DUBLIN CITY,8,0,-0.05472239139261064,0.3478664489753706,18.30755192220208,7.85,Marginally Above Average,0.0
268060,DRUMCONDRA SOUTH C,DUBLIN CITY,15,0,-0.23223710921640273,0.22079889334031874,19.599424878222454,8.75,Marginally Above Average,0.0
268057,DECIES,DUBLIN CITY,11,0,0.04338759089063594,0.30088098069055735,23.73538511575381,-15.23,Disadvantaged,0.0
268058,DRUMCONDRA SOUTH A,DUBLIN CITY,20,0,-0.1051309378806334,0.2613227326095031,21.604871960101583,11.87,Affluent,0.0
267043,CHURCHTOWN-LANDSCAPE,DUN LAOGHAIRE/RATHDOWN,6,0,0.12340979834889697,0.08306583223756774,39.68801957264958,13.01,Affluent,0.0
267042,CHURCHTOWN-CASTLE,DUN LAOGHAIRE/RATHDOWN,5,0,0.11264717823792121,0.1054677029703607,35.91759958974359,8.97,Marginally Above Average,0.0
267041,CASTLEKNOCK-PARK,FINGAL,20,0,-0.5834297604547299,0.0715973618686879,20.680848785748204,11.01,Affluent,0.0
267047,CLONDALKIN-BALLYMOUNT,SOUTH DUBLIN,6,0,-0.3200027067262146,0.0435112285141356,30.04502393939394,-1.34,Marginally Below Average,0.0
267040,CASTLEKNOCK-KNOCKMAROON,FINGAL,69,0,-0.3568127121985089,0.055925876891877696,27.873522374292374,10.69,Affluent,0.0
267096,KILLINEY NORTH,DUN LAOGHAIRE/RATHDOWN,11,0,0.12731148267080056,0.05698993134843302,47.929753739178935,10.17,Affluent,0.0
268005,ARRAN QUAY E,DUBLIN CITY,17,0,-0.015499988058560807,0.4115184592086821,18.347023802665866,7.16,Marginally Above Average,0.0
268007,ASHTOWN B,DUBLIN CITY,12,0,-0.36316653133035587,0.14253328553114125,20.286077823322557,8.2,Marginally Above Average,0.0
267128,STILLORGAN-MOUNT MERRION,DUN LAOGHAIRE/RATHDOWN,8,0,-0.2608607389362566,0.07752408413822291,28.868180572240252,11.39,Affluent,0.0
268004,ARRAN QUAY D,DUBLIN CITY,13,0,0.062213060995034195,0.4423106498153458,20.583596352476356,1.98,Marginally Above Average,0.0
268009,BALLYBOUGH A,DUBLIN CITY,16,0,-0.03182095006090135,0.4859009696097726,14.760685449852506,-5.55,Marginally Below Average,0.0
268010,BALLYBOUGH B,DUBLIN CITY,14,0,-0.014500319007018158,0.5174664943533738,13.622266036174775,5.09,Marginally Above Average,0.0
267088,FOXROCK-CARRICKMINES,DUN LAOGHAIRE/RATHDOWN,20,0,-0.185231425091352,0.03342437132548483,34.55466427284085,10.87,Affluent,0.0
267089,FOXROCK-DEANSGRANGE,DUN LAOGHAIRE/RATHDOWN,8,0,-0.20764819326025166,0.03869574459653347,33.28814686598641,9.77,Marginally Above Average,0.0
267090,FOXROCK-TORQUAY,DUN LAOGHAIRE/RATHDOWN,5,0,-0.2992691839220462,0.0362578644618992,31.811154853146853,11.35,Affluent,0.0
267091,GARRISTOWN,FINGAL,4,0,0.09086987413723101,0.026659191134222,117.21371428571429,2.28,Marginally Above Average,0.0
267093,HOLLYWOOD,FINGAL,4,0,0.10665347137637021,0.035089402342178576,65.51699666666667,3.67,Marginally Above Average,0.0
267094,HOLMPATRICK,FINGAL,12,0,0.14118114765191497,0.04320014420037163,69.31469854427736,6.72,Marginally Above Average,0.0
267085,FIRHOUSE-BALLYCULLEN,SOUTH DUBLIN,33,0,-0.2963926721539389,0.03178341159702371,32.106158532558794,11.76,Affluent,0.0
267087,FOXROCK-BEECHPARK,DUN LAOGHAIRE/RATHDOWN,6,0,-0.06364190012180264,0.0565161695685934,35.41483617555595,11.23,Affluent,0.0
268079,INCHICORE B,DUBLIN CITY,8,0,0.012180267965895287,0.2574742948365938,25.336397615546222,-11.88,Disadvantaged,0.0
268078,INCHICORE A,DUBLIN CITY,11,0,-0.06353117041302182,0.27617730655537054,21.83240406263108,4.03,Marginally Above Average,0.0
268098,MERCHANTS QUAY A,DUBLIN CITY,10,0,-0.029232643118148587,0.5186157046186313,12.993583515785096,-4.86,Marginally Below Average,0.0
268097,MANSION HOUSE B,DUBLIN CITY,3,0,-0.11117877926647719,0.3305724965571512,15.891878853911798,12.83,Affluent,0.0
268082,INNS QUAY C,DUBLIN CITY,13,0,-0.0052703082544739155,0.5279426389614627,13.397604583333333,0.41,Marginally Above Average,0.0
268081,INNS QUAY B,DUBLIN CITY,18,0,-0.10607547254928493,0.40316166348465,10.677689892261522,6.41,Marginally Above Average,0.0
268080,INNS QUAY A,DUBLIN CITY,17,0,-0.06362995868262039,0.45050034456068966,11.692511078572196,-3.86,Marginally Below Average,0.0
267086,FIRHOUSE-KNOCKLYON,SOUTH DUBLIN,12,0,-0.3565688861821627,0.030314417284395642,30.182376851851853,5.46,Marginally Above Average,0.0
268083,KILMAINHAM A,DUBLIN CITY,11,0,-0.010574687188572717,0.3183751871159972,21.404327272727272,-10.04,Disadvantaged,0.0
268114,PEMBROKE EAST E,DUBLIN CITY,14,0,-0.20006090133982948,0.18867009510510163,22.92765565060075,12.44,Affluent,0.0
268112,PEMBROKE EAST C,DUBLIN CITY,17,0,-0.18055456043562365,0.15375050455405614,25.393564773615413,12.9,Affluent,0.0
268111,PEMBROKE EAST B,DUBLIN CITY,13,0,-0.11632936693838032,0.19881654273264673,24.443948059942734,11.96,Affluent,0.0
268109,NORTH DOCK C,DUBLIN CITY,14,0,-0.0218374804245693,0.5891937197469074,7.706595107561278,1.18,Marginally Above Average,0.0
268108,NORTH DOCK B,DUBLIN CITY,33,0,-0.05865598740141976,0.4498339710211414,11.898404094292905,8.52,Marginally Above Average,0.0
268107,NORTH DOCK A,DUBLIN CITY,6,0,-0.13278183786709968,0.3553732834724535,13.443729616519173,5.23,Marginally Above Average,0.0
268106,NORTH CITY,DUBLIN CITY,18,0,-0.09229372490639237,0.5407109957502991,6.8250583779399845,6.43,Marginally Above Average,0.0
268105,MOUNTJOY B,DUBLIN CITY,16,0,0.02280628298822569,0.6265880955927633,12.63440532894737,4.4,Marginally Above Average,0.0
268104,MOUNTJOY A,DUBLIN CITY,16,0,-0.015694782785221295,0.587642230820386,10.759114276315788,-4.08,Marginally Below Average,0.0
268103,MERCHANTS QUAY F,DUBLIN CITY,7,0,0.2386752508555188,0.47026011776124876,24.78585251640346,6.14,Marginally Above Average,0.0
268102,MERCHANTS QUAY E,DUBLIN CITY,9,0,0.09340461045698557,0.3154168206209371,25.439821958154912,7.88,Marginally Above Average,0.0
268096,MANSION HOUSE A,DUBLIN CITY,19,0,-0.009909823279270088,0.5846887992005898,13.245108315026421,-2.02,Marginally Below Average,0.0
268085,KILMAINHAM C,DUBLIN CITY,21,0,0.02436053593179047,0.36460946884468753,21.635600458561292,3.02,Marginally Above Average,0.0
268084,KILMAINHAM B,DUBLIN CITY,10,0,-0.13033901745838408,0.28862557500154795,18.847862202927764,9.22,Marginally Above Average,0.0
267084,FIRHOUSE VILLAGE,SOUTH DUBLIN,39,0,-0.4124348043349261,0.050956383332028725,26.98021060798681,4.43,Marginally Above Average,0.0
267033,BLANCHARDSTOWN-ROSELAWN,FINGAL,6,0,-0.667292597103803,0.10114569083447326,6.620008888888887,-1.38,Marginally Below Average,0.0
268131,RATHMINES EAST D,DUBLIN CITY,10,0,-0.03713966707267559,0.26716843134641327,23.51228716908213,13.75,Affluent,0.0
268100,MERCHANTS QUAY C,DUBLIN CITY,17,0,0.07412051300422723,0.496568700642962,19.44195378190729,3.25,Marginally Above Average,0.0
268101,MERCHANTS QUAY D,DUBLIN CITY,9,0,0.03312356205169843,0.28188695046268286,24.374238506524062,9.85,Marginally Above Average,0.0
267029,BLANCHARDSTOWN-COOLMINE,FINGAL,35,0,-0.3836320399048779,0.16919165692370994,18.06442153773513,-5.42,Marginally Below Average,0.0
267027,BLANCHARDSTOWN-ABBOTSTOWN,FINGAL,16,0,-0.4254529537149817,0.1436262514629551,17.261870702754035,2.24,Marginally Above Average,0.0
267030,BLANCHARDSTOWN-CORDUFF,FINGAL,12,0,-0.3416395994045202,0.18529487037192313,17.828937649293337,-14.16,Disadvantaged,0.0
267031,BLANCHARDSTOWN-DELWOOD,FINGAL,18,0,-0.5839987368610998,0.08943929216172,16.421987977207976,0.8,Marginally Above Average,0.0
267061,DALKEY UPPER,DUN LAOGHAIRE/RATHDOWN,7,0,0.13736152195348295,0.06689456246649915,44.1555988089886,11.61,Affluent,0.0
267062,DALKEY-AVONDALE,DUN LAOGHAIRE/RATHDOWN,5,0,0.15438489646772227,0.059930567954500955,48.78469105250706,8.26,Marginally Above Average,0.0
267055,CLONSKEAGH-MILLTOWN,DUN LAOGHAIRE/RATHDOWN,8,0,-0.11892255379618347,0.06747945565922303,32.81113342006032,16.23,Affluent,0.0
267054,CLONMETHAN,FINGAL,2,0,0.12845107592367028,0.03865131578947365,89.71172000000001,1.69,Marginally Above Average,0.0
267081,DUNDRUM-SWEETMOUNT,DUN LAOGHAIRE/RATHDOWN,11,0,-0.07351529915476321,0.20309878175223633,26.44742862470863,11.03,Affluent,0.0
267082,DUNDRUM-TANEY,DUN LAOGHAIRE/RATHDOWN,10,0,-0.20593788063337395,0.12317514771727464,27.050068182336183,7.64,Marginally Above Average,0.0
267079,DUNDRUM-KILMACUD,DUN LAOGHAIRE/RATHDOWN,13,0,-0.2963709047752896,0.14268646525977044,23.69908620644313,13.68,Affluent,0.0
267014,BALLYBOGHIL,FINGAL,4,0,0.1675294356475842,0.0479434939116678,81.70285333333335,3.48,Marginally Above Average,0.0
267013,BALLYBODEN,SOUTH DUBLIN,17,0,-0.21115449834013994,0.04882889613696454,32.13545671968939,8.67,Marginally Above Average,0.0
267011,BALLINTEER-MEADOWBROADS,DUN LAOGHAIRE/RATHDOWN,6,0,-0.08118486940046012,0.09313579598023798,31.58703114015977,6.4,Marginally Above Average,0.0
267010,BALLINTEER-MARLEY,DUN LAOGHAIRE/RATHDOWN,8,0,-0.0946888956557044,0.0527742005980417,34.79279838557994,7.62,Marginally Above Average,0.0
267009,BALLINTEER-LUDFORD,DUN LAOGHAIRE/RATHDOWN,8,0,-0.18701786439301663,0.09692819180903647,28.634134866310163,3.29,Marginally Above Average,0.0
267008,BALLINTEER-BROADFORD,DUN LAOGHAIRE/RATHDOWN,8,0,-0.1632029029638652,0.07858267533754286,30.63926803030303,0.44,Marginally Above Average,0.0
267007,BALLINTEER-WOODPARK,DUN LAOGHAIRE/RATHDOWN,21,0,-0.22011967596620455,0.07545614838565237,30.40298682278039,8.57,Marginally Above Average,0.0
267006,BALLINASCORNEY,SOUTH DUBLIN,2,0,0.11403775883069425,0.110817575083426,62.6828106485671,-5.24,Marginally Below Average,0.0
267035,BOHERNABREENA,SOUTH DUBLIN,17,0,-0.18313391129898973,0.0627287619556033,42.59270786802887,0.58,Marginally Above Average,0.0
267066,DUBBER,FINGAL,23,0,-0.20957563240304328,0.13826678149932706,25.7906408203088,3.28,Marginally Above Average,0.0
267063,DALKEY-BULLOCK,DUN LAOGHAIRE/RATHDOWN,5,0,0.15927730410069024,0.0802460240127697,42.25206642103612,8.76,Marginally Above Average,0.0
268099,MERCHANTS QUAY B,DUBLIN CITY,21,0,0.01518666744001699,0.5570670545747338,14.69818551852925,6.24,Marginally Above Average,0.0
268130,RATHMINES EAST C,DUBLIN CITY,13,0,-0.1536899965645398,0.17028679924558623,25.252595277379626,13.42,Affluent,0.0
268128,RATHMINES EAST A,DUBLIN CITY,24,0,0.009600419542563262,0.36222809420029245,21.327885099760696,12.1,Affluent,0.0
268149,USHERS B,DUBLIN CITY,8,0,-0.01947574096630126,0.4517888942137312,14.868907917979753,2.72,Marginally Above Average,0.0
268148,USHERS A,DUBLIN CITY,13,0,0.0518832568162653,0.4221385117494681,20.01427986959761,15.73,Affluent,0.0
268162,WOOD QUAY B,DUBLIN CITY,18,0,0.09307190869310233,0.3848047182123263,22.832968914770035,8.98,Marginally Above Average,0.0
